,symbol,date,gradingCompany,previousGrade,newGrade
0,MSFT,2023-10-30,Piper Sandler,Overweight,Overweight
1,MSFT,2023-10-26,Goldman Sachs,Buy,Buy
2,MSFT,2023-10-26,Rosenblatt,Buy,Buy
3,MSFT,2023-10-26,HSBC,Hold,Buy
4,MSFT,2023-10-19,Citigroup,Buy,Buy
5,MSFT,2023-10-17,Loop Capital,,Buy
6,MSFT,2023-10-16,Piper Sandler,Overweight,Overweight
7,MSFT,2023-10-16,Rosenblatt,Buy,Buy
8,MSFT,2023-07-20,Guggenheim,Sell,Sell
9,MSFT,2023-07-20,Stifel,Buy,Buy
10,MSFT,2023-07-20,Citigroup,Buy,Buy
11,MSFT,2023-07-19,B of A Securities,Buy,Buy
12,MSFT,2023-07-19,Wells Fargo,Overweight,Overweight
13,MSFT,2023-07-19,Barclays,Overweight,Overweight
14,MSFT,2023-07-19,Piper Sandler,Overweight,Overweight
15,MSFT,2023-07-14,UBS,Neutral,Buy
16,MSFT,2023-07-13,Oppenheimer,Outperform,Outperform
17,MSFT,2023-07-12,Wedbush,Outperform,Outperform
18,MSFT,2023-07-06,Morgan Stanley,Overweight,Overweight
19,MSFT,2023-07-05,Wedbush,Outperform,Outperform
20,MSFT,2023-06-20,CFRA,Strong Buy,Strong Buy
21,MSFT,2023-06-15,Mizuho,Buy,Buy
22,MSFT,2023-06-15,JP Morgan,Overweight,Overweight
23,MSFT,2023-06-09,BMO Capital,Outperform,Outperform
24,MSFT,2023-06-06,CFRA,Strong Buy,Strong Buy
25,MSFT,2023-06-02,Evercore ISI Group,Outperform,Outperform
26,MSFT,2023-05-31,Wells Fargo,Overweight,Overweight
27,MSFT,2023-05-31,Piper Sandler,Overweight,Overweight
28,MSFT,2023-05-31,Credit Suisse,Outperform,Outperform
29,MSFT,2023-05-31,UBS,Neutral,Neutral
30,MSFT,2023-05-30,Deutsche Bank,Buy,Buy
31,MSFT,2023-05-30,Wedbush,Outperform,Outperform
32,MSFT,2023-05-25,Oppenheimer,Outperform,Outperform
33,MSFT,2023-05-24,Mizuho,Buy,Buy
34,MSFT,2023-05-23,Jefferies,Buy,Buy
35,MSFT,2023-05-19,RBC Capital,Outperform,Outperform
36,MSFT,2023-05-11,Wedbush,Outperform,Outperform
37,MSFT,2023-04-26,Wolfe Research,Outperform,Outperform
38,MSFT,2023-04-26,JP Morgan,Overweight,Overweight
39,MSFT,2023-04-26,Barclays,Overweight,Overweight
40,MSFT,2023-04-26,Jefferies,Buy,Buy
41,MSFT,2023-04-24,Exane BNP Paribas,Outperform,Neutral
42,MSFT,2023-04-24,Bernstein,Outperform,Outperform
43,MSFT,2023-04-21,BMO Capital,Market Perform,Market Perform
44,MSFT,2023-04-21,Piper Sandler,,Overweight
45,MSFT,2023-04-06,Oppenheimer,Outperform,Outperform
46,MSFT,2023-04-03,Raymond James,Outperform,Outperform
47,MSFT,2023-03-29,Keybanc,Overweight,Overweight
48,MSFT,2023-03-28,BMO Capital,Market Perform,Market Perform
49,MSFT,2023-03-24,Wells Fargo,Overweight,Overweight
50,MSFT,2023-03-17,RBC Capital,,Outperform
51,MSFT,2023-03-17,Mizuho,Buy,Buy
52,MSFT,2023-02-24,Wedbush,Outperform,Outperform
53,MSFT,2023-02-08,Wedbush,,Outperform
54,MSFT,2023-02-08,DA Davidson,Buy,Buy
55,MSFT,2023-02-08,Jefferies,Buy,Buy
56,MSFT,2023-02-08,Oppenheimer,Outperform,Outperform
57,MSFT,2023-02-08,Piper Sandler,Overweight,Overweight
58,MSFT,2023-01-26,Credit Suisse,Outperform,Outperform
59,MSFT,2023-01-26,Rosenblatt,Buy,Buy
60,MSFT,2023-01-25,Stifel,Buy,Buy
61,MSFT,2023-01-25,Wedbush,Outperform,Outperform
62,MSFT,2023-01-23,BMO Capital,Outperform,Outperform
63,MSFT,2023-01-20,Mizuho,Buy,Buy
64,MSFT,2023-01-19,Cowen & Co.,Outperform,Outperform
65,MSFT,2023-01-19,Citigroup,Buy,Buy
66,MSFT,2023-01-19,Evercore ISI Group,Outperform,Outperform
67,MSFT,2023-01-17,Guggenheim,Neutral,Sell
68,MSFT,2023-01-10,Barclays,Overweight,Overweight
69,MSFT,2023-01-09,Piper Sandler,Overweight,Overweight
70,MSFT,2023-01-05,DA Davidson,,Buy
71,MSFT,2023-01-04,UBS,Buy,Neutral
72,MSFT,2022-11-02,Macquarie,,Neutral
73,MSFT,2022-10-27,Rosenblatt,Buy,Buy
74,MSFT,2022-10-26,Deutsche Bank,Buy,Buy
75,MSFT,2022-10-26,Raymond James,Outperform,Outperform
76,MSFT,2022-10-26,Morgan Stanley,Overweight,Overweight
77,MSFT,2022-10-26,Mizuho,Buy,Buy
78,MSFT,2022-10-26,Wolfe Research,Outperform,Outperform
79,MSFT,2022-10-26,Evercore ISI Group,Outperform,Outperform
80,MSFT,2022-10-26,BMO Capital,Outperform,Outperform
81,MSFT,2022-10-20,Piper Sandler,Overweight,Overweight
82,MSFT,2022-10-20,UBS,Buy,Buy
83,MSFT,2022-10-20,Rosenblatt,Buy,Buy
84,MSFT,2022-10-19,Cowen & Co.,Outperform,Outperform
85,MSFT,2022-10-17,Mizuho,Buy,Buy
86,MSFT,2022-10-14,Morgan Stanley,Overweight,Overweight
87,MSFT,2022-10-12,Wells Fargo,Overweight,Overweight
88,MSFT,2022-10-04,Oppenheimer,Outperform,Outperform
89,MSFT,2022-09-22,MoffettNathanson,,Hold
90,MSFT,2022-08-12,Guggenheim,,Neutral
91,MSFT,2022-07-29,Wolfe Research,Outperform,Outperform
92,MSFT,2022-07-27,Cowen & Co.,Outperform,Outperform
93,MSFT,2022-07-27,Stifel,Buy,Buy
94,MSFT,2022-07-27,JP Morgan,Overweight,Overweight
95,MSFT,2022-07-27,Deutsche Bank,Buy,Buy
96,MSFT,2022-07-26,Rosenblatt,Buy,Buy
97,MSFT,2022-07-25,Wells Fargo,Overweight,Overweight
98,MSFT,2022-07-22,Cowen & Co.,Outperform,Outperform
99,MSFT,2022-07-19,Citigroup,Buy,Buy
100,MSFT,2022-07-19,Mizuho,Buy,Buy
101,MSFT,2022-07-15,BMO Capital,Outperform,Outperform
102,MSFT,2022-07-12,Morgan Stanley,Overweight,Overweight
103,MSFT,2022-07-08,Piper Sandler,Overweight,Overweight
104,MSFT,2022-07-07,Keybanc,Overweight,Overweight
105,MSFT,2022-06-13,Jefferies,Buy,Buy
106,MSFT,2022-06-10,Barclays,Overweight,Overweight
107,MSFT,2022-05-23,Jefferies,Buy,Buy
108,MSFT,2022-04-27,Wolfe Research,Outperform,Outperform
109,MSFT,2022-04-27,Stifel,Buy,Buy
110,MSFT,2022-04-27,Deutsche Bank,Buy,Buy
111,MSFT,2022-04-27,Wedbush,Outperform,Outperform
112,MSFT,2022-04-19,Citigroup,Buy,Buy
113,MSFT,2022-04-19,Wells Fargo,Overweight,Overweight
114,MSFT,2022-02-04,Tigress Financial,Buy,Buy
115,MSFT,2022-01-26,BMO Capital,Outperform,Outperform
116,MSFT,2022-01-26,Citigroup,Buy,Buy
117,MSFT,2022-01-26,Morgan Stanley,Overweight,Overweight
118,MSFT,2022-01-26,Oppenheimer,Outperform,Outperform
119,MSFT,2021-12-22,SMBC Nikko,,Outperform
120,MSFT,2021-11-02,Deutsche Bank,,Buy
121,MSFT,2021-10-28,Citigroup,Buy,Buy
122,MSFT,2021-10-27,Barclays,Overweight,Overweight
123,MSFT,2021-10-27,Morgan Stanley,Overweight,Overweight
124,MSFT,2021-08-20,Wedbush,Outperform,Outperform
125,MSFT,2021-07-29,JP Morgan,Overweight,Overweight
126,MSFT,2021-07-28,Stifel,Buy,Buy
127,MSFT,2021-07-28,Mizuho,Buy,Buy
128,MSFT,2021-07-28,Rosenblatt,Buy,Buy
129,MSFT,2021-07-28,Credit Suisse,Outperform,Outperform
130,MSFT,2021-07-28,Morgan Stanley,Overweight,Overweight
131,MSFT,2021-07-21,Rosenblatt,Buy,Buy
132,MSFT,2021-07-21,Stifel,Buy,Buy
133,MSFT,2021-07-16,Mizuho,Buy,Buy
134,MSFT,2021-06-28,Jefferies,Buy,Buy
135,MSFT,2021-06-23,Wedbush,Outperform,Outperform
136,MSFT,2021-06-02,KGI Securities,,Outperform
137,MSFT,2021-05-18,Jefferies,Buy,Buy
138,MSFT,2021-05-13,Rosenblatt,,Buy
139,MSFT,2021-04-28,Barclays,Overweight,Overweight
140,MSFT,2021-04-28,Morgan Stanley,Overweight,Overweight
141,MSFT,2021-04-28,Mizuho,Buy,Buy
142,MSFT,2021-04-28,Credit Suisse,Outperform,Outperform
143,MSFT,2021-04-28,Raymond James,Strong Buy,Strong Buy
144,MSFT,2021-04-26,Keybanc,Overweight,Overweight
145,MSFT,2021-04-23,Wolfe Research,,Outperform
146,MSFT,2021-04-21,Citigroup,Buy,Buy
147,MSFT,2021-04-21,B of A Securities,Buy,Buy
148,MSFT,2021-04-13,Argus Research,Buy,Buy
149,MSFT,2021-04-12,BMO Capital,Outperform,Outperform
150,MSFT,2021-03-05,Morgan Stanley,Overweight,Overweight
151,MSFT,2021-02-16,Wedbush,Outperform,Outperform
152,MSFT,2021-02-02,Piper Sandler,,Overweight
153,MSFT,2021-01-28,Argus Research,Buy,Buy
154,MSFT,2021-01-27,Credit Suisse,Outperform,Outperform
155,MSFT,2021-01-27,Piper Sandler,Overweight,Overweight
156,MSFT,2021-01-27,Morgan Stanley,Overweight,Overweight
157,MSFT,2021-01-27,Wedbush,Outperform,Outperform
158,MSFT,2021-01-22,Goldman Sachs,,Buy
159,MSFT,2020-12-21,Citigroup,Neutral,Buy
160,MSFT,2020-11-24,KeyBanc,,Overweight
161,MSFT,2020-11-05,Oppenheimer,Perform,Outperform
162,MSFT,2020-10-29,Deutsche Bank,Buy,Buy
163,MSFT,2020-09-09,Morgan Stanley,Overweight,Overweight
164,MSFT,2020-07-23,Piper Sandler,Overweight,Overweight
165,MSFT,2020-07-23,Oppenheimer,Outperform,Perform
166,MSFT,2020-07-20,Barclays,Overweight,Overweight
167,MSFT,2020-07-20,Raymond James,Strong Buy,Strong Buy
168,MSFT,2020-07-20,Jefferies,Buy,Buy
169,MSFT,2020-07-16,Credit Suisse,Outperform,Outperform
170,MSFT,2020-07-16,Citigroup,Neutral,Neutral
171,MSFT,2020-07-09,Wedbush,Outperform,Outperform
172,MSFT,2020-07-09,Morgan Stanley,Overweight,Overweight
173,MSFT,2020-06-24,Goldman Sachs,Buy,Buy
174,MSFT,2020-06-24,Argus Research,Buy,Buy
175,MSFT,2020-05-18,RBC Capital,Outperform,Outperform
176,MSFT,2020-04-30,BMO Capital,Outperform,Outperform
177,MSFT,2020-04-30,Citigroup,Neutral,Neutral
178,MSFT,2020-04-30,Credit Suisse,Outperform,Outperform
179,MSFT,2020-04-30,Mizuho,Buy,Buy
180,MSFT,2020-04-30,Morgan Stanley,Overweight,Overweight
181,MSFT,2020-04-30,UBS,Buy,Buy
182,MSFT,2020-04-30,Wells Fargo,Overweight,Overweight
183,MSFT,2020-04-28,Jefferies,Buy,Buy
184,MSFT,2020-04-24,RBC Capital,Outperform,Outperform
185,MSFT,2020-04-21,Mizuho,Buy,Buy
186,MSFT,2020-04-03,Raymond James,Strong Buy,Strong Buy
187,MSFT,2020-03-31,Piper Sandler,Overweight,Overweight
188,MSFT,2020-03-31,Citigroup,Neutral,Neutral
189,MSFT,2020-03-25,Morgan Stanley,Overweight,Overweight
190,MSFT,2020-03-17,Deutsche Bank,Buy,Buy
191,MSFT,2020-02-03,CFRA,Buy,Buy
192,MSFT,2020-01-31,Nomura,Buy,Buy
193,MSFT,2020-01-30,Wells Fargo,Overweight,Overweight
194,MSFT,2020-01-30,Wedbush,Outperform,Outperform
195,MSFT,2020-01-30,UBS,Buy,Buy
196,MSFT,2020-01-30,Stifel Nicolaus,Buy,Buy
197,MSFT,2020-01-30,Stifel,Buy,Buy
198,MSFT,2020-01-30,RBC Capital,Outperform,Outperform
199,MSFT,2020-01-30,Raymond James,Strong Buy,Strong Buy
200,MSFT,2020-01-30,Piper Sandler,Overweight,Overweight
201,MSFT,2020-01-30,Oppenheimer,Outperform,Outperform
202,MSFT,2020-01-30,Morgan Stanley,Overweight,Overweight
203,MSFT,2020-01-30,Mizuho,Buy,Buy
204,MSFT,2020-01-30,Credit Suisse,Outperform,Outperform
205,MSFT,2020-01-30,Citigroup,Neutral,Neutral
206,MSFT,2020-01-30,BMO Capital,Outperform,Outperform
207,MSFT,2020-01-23,Piper Sandler,Overweight,Overweight
208,MSFT,2020-01-21,RBC Capital,Outperform,Outperform
209,MSFT,2020-01-16,Wells Fargo,Overweight,Overweight
210,MSFT,2020-01-13,Credit Suisse,Outperform,Outperform
211,MSFT,2020-01-10,Jefferies,Buy,Buy
212,MSFT,2020-01-09,Wedbush,Outperform,Outperform
213,MSFT,2020-01-09,Cowen & Co.,Outperform,Outperform
214,MSFT,2020-01-08,Morgan Stanley,Overweight,Overweight
215,MSFT,2019-12-17,Wedbush,Outperform,Outperform
216,MSFT,2019-12-17,Deutsche Bank,Buy,Buy
217,MSFT,2019-10-28,Mizuho,Buy,Buy
218,MSFT,2019-10-24,Stifel,Buy,Buy
219,MSFT,2019-10-24,Wedbush,Outperform,Outperform
220,MSFT,2019-10-24,Morgan Stanley,Overweight,Overweight
221,MSFT,2019-10-24,Citi,Neutral,Neutral
222,MSFT,2019-10-24,BMO Capital,Outperform,Outperform
223,MSFT,2019-10-24,Barclays,Overweight,Overweight
224,MSFT,2019-10-08,Jefferies,Hold,Buy
225,MSFT,2019-07-19,Stifel Nicolaus,Buy,Buy
226,MSFT,2019-07-19,Raymond James,Strong Buy,Strong Buy
227,MSFT,2019-07-19,Morgan Stanley,Overweight,Overweight
228,MSFT,2019-07-19,KeyBanc,Overweight,Overweight
229,MSFT,2019-07-19,Credit Suisse,Outperform,Outperform
230,MSFT,2019-07-19,Citigroup,Neutral,Neutral
231,MSFT,2019-07-19,BMO Capital,Outperform,Outperform
232,MSFT,2019-07-19,Canaccord Genuity,Buy,Buy
233,MSFT,2019-07-12,Wells Fargo,Outperform,Outperform
234,MSFT,2019-07-11,Cowen & Co.,Outperform,Outperform
235,MSFT,2019-06-25,Jefferies,Underperform,Underperform
236,MSFT,2019-06-19,Deutsche Bank,Buy,Buy
237,MSFT,2019-04-25,Barclays,Overweight,Overweight
238,MSFT,2019-04-25,Wedbush,Outperform,Outperform
239,MSFT,2019-04-25,UBS,Buy,Buy
240,MSFT,2019-04-25,Raymond James,Strong Buy,Strong Buy
241,MSFT,2019-04-25,Nomura,Buy,Buy
242,MSFT,2019-04-25,Morgan Stanley,Overweight,Overweight
243,MSFT,2019-04-25,KeyBanc,Overweight,Overweight
244,MSFT,2019-04-25,Deutsche Bank,Buy,Buy
245,MSFT,2019-04-25,BMO Capital,Outperform,Outperform
246,MSFT,2019-04-25,Bank of America,Buy,Buy
247,MSFT,2019-04-17,KeyBanc,Overweight,Overweight
248,MSFT,2019-04-12,Barclays,Overweight,Overweight
249,MSFT,2019-03-14,Mizuho,Buy,Buy
250,MSFT,2019-01-31,Nomura,Buy,Buy
251,MSFT,2018-10-25,Nomura,Buy,Buy
252,MSFT,2018-10-25,KeyBanc,Overweight,Overweight
253,MSFT,2018-10-25,Citigroup,Neutral,Neutral
254,MSFT,2018-10-19,Wedbush,Outperform,Outperform
255,MSFT,2018-10-12,Macquarie,Neutral,Outperform
256,MSFT,2018-09-07,Barclays,Overweight,Overweight
257,MSFT,2018-07-23,Argus,Buy,Buy
258,MSFT,2018-07-20,BMO Capital,Outperform,Outperform
259,MSFT,2018-07-20,Wells Fargo,Outperform,Outperform
260,MSFT,2018-07-20,Stifel Nicolaus,Buy,Buy
261,MSFT,2018-07-20,KeyBanc,Overweight,Overweight
262,MSFT,2018-07-20,Credit Suisse,Outperform,Outperform
263,MSFT,2018-07-20,Citigroup,Neutral,Neutral
264,MSFT,2018-07-20,Barclays,Overweight,Overweight
265,MSFT,2018-07-17,PiperJaffray,Overweight,Overweight
266,MSFT,2018-07-17,Raymond James,Strong Buy,Strong Buy
267,MSFT,2018-07-17,Bank of America,Buy,Buy
268,MSFT,2018-06-06,Argus,Buy,Buy
269,MSFT,2018-04-30,Citigroup,Neutral,Neutral
270,MSFT,2018-04-27,Barclays,Overweight,Overweight
271,MSFT,2018-04-27,Stifel Nicolaus,Buy,Buy
272,MSFT,2018-04-27,JP Morgan,Neutral,Overweight
273,MSFT,2018-04-27,Canaccord Genuity,Buy,Buy
274,MSFT,2018-03-26,Morgan Stanley,Overweight,Overweight
275,MSFT,2018-02-02,Nomura,Buy,Buy
276,MSFT,2018-02-02,Morgan Stanley,Overweight,Overweight
277,MSFT,2018-02-01,BMO Capital,Outperform,Outperform
278,MSFT,2018-02-01,Stifel Nicolaus,Buy,Buy
279,MSFT,2018-02-01,KeyBanc,Overweight,Overweight
280,MSFT,2018-02-01,Canaccord Genuity,Buy,Buy
281,MSFT,2018-02-01,Bank of America,Buy,Buy
282,MSFT,2018-01-25,Barclays,Overweight,Overweight
283,MSFT,2018-01-25,JP Morgan,Neutral,Neutral
284,MSFT,2018-01-24,Nomura,Buy,Buy
285,MSFT,2017-11-09,UBS,Buy,Buy
286,MSFT,2017-10-31,Oppenheimer,Outperform,Outperform
287,MSFT,2017-10-31,Argus,Hold,Buy
288,MSFT,2017-10-30,Citigroup,Sell,Sell
289,MSFT,2017-10-27,BMO Capital,Outperform,Outperform
290,MSFT,2017-10-27,Stifel Nicolaus,Buy,Buy
291,MSFT,2017-10-27,Citigroup,Sell,Sell
292,MSFT,2017-10-27,Canaccord Genuity,Buy,Buy
293,MSFT,2017-10-27,Barclays,Overweight,Overweight
294,MSFT,2017-10-05,Canaccord Genuity,Hold,Buy
295,MSFT,2017-09-06,Moffett Nathanson,Neutral,Neutral
296,MSFT,2017-07-21,Deutsche Bank,Buy,Buy
297,MSFT,2017-07-21,Citigroup,Sell,Sell
298,MSFT,2017-07-17,Credit Suisse,Outperform,Outperform
299,MSFT,2017-06-22,Cleveland Research,Buy,Buy
300,MSFT,2017-04-27,Credit Suisse,Outperform,Outperform
301,MSFT,2017-01-23,Tigress Financial,Neutral,Buy
302,MSFT,2017-01-11,Wells Fargo,Outperform,Outperform
303,MSFT,2016-12-22,PiperJaffray,Overweight,Overweight
304,MSFT,2016-11-17,Goldman Sachs,Neutral,Buy
305,MSFT,2016-11-10,Atlantic Equities,Underweight,Neutral
306,MSFT,2016-10-21,William Blair,Market Perform,Outperform
307,MSFT,2016-10-21,Wunderlich,Hold,Buy
308,MSFT,2016-10-21,Nomura,Buy,Buy
309,MSFT,2016-10-17,Goldman Sachs,Neutral,Neutral
310,MSFT,2016-08-29,UBS,Buy,Buy
311,MSFT,2016-07-20,Wunderlich,Hold,Hold
312,MSFT,2016-07-20,Citigroup,Sell,Sell
313,MSFT,2016-07-19,William Blair,Market Perform,Market Perform
314,MSFT,2016-07-07,Citigroup,Sell,Sell
315,MSFT,2016-05-24,Cowen & Co.,,Outperform
316,MSFT,2016-05-16,Canaccord Genuity,Hold,Hold
317,MSFT,2016-04-26,Macquarie,Neutral,Neutral
318,MSFT,2016-04-22,Goldman Sachs,Neutral,Neutral
319,MSFT,2016-04-22,RBC Capital,Outperform,Outperform
320,MSFT,2016-04-22,Morgan Stanley,Overweight,Overweight
321,MSFT,2016-04-22,Macquarie,Neutral,Neutral
322,MSFT,2016-04-22,Cowen & Co.,Market Perform,Market Perform
323,MSFT,2016-04-19,Nomura,Buy,Buy
324,MSFT,2016-04-01,Cowen & Co.,Market Perform,Market Perform
325,MSFT,2016-03-04,Macquarie,Neutral,Neutral
326,MSFT,2016-02-01,Hilliard Lyons,Long-Term Buy,Neutral
327,MSFT,2016-01-29,Credit Suisse,Outperform,Outperform
328,MSFT,2016-01-13,Morgan Stanley,Equal-Weight,Overweight
329,MSFT,2016-01-08,BMO Capital,Outperform,Outperform
330,MSFT,2016-01-06,Barclays,Overweight,Overweight
331,MSFT,2015-12-18,Goldman Sachs,Sell,Neutral
332,MSFT,2015-12-16,Deutsche Bank,Buy,Buy
333,MSFT,2015-11-30,Raymond James,Market Perform,Strong Buy
334,MSFT,2015-11-10,PiperJaffray,Overweight,Overweight
335,MSFT,2015-10-23,Bank of America,Neutral,Buy
336,MSFT,2015-10-23,Jefferies,Underweight,Underweight
337,MSFT,2015-10-23,Barclays,Overweight,Overweight
338,MSFT,2015-10-01,Bank of America,Underperform,Neutral
339,MSFT,2015-08-13,Stifel Nicolaus,Hold,Buy
340,MSFT,2015-07-22,Citigroup,Sell,Sell
341,MSFT,2015-07-22,Barclays,Overweight,Overweight
342,MSFT,2015-07-09,Jefferies,Underperform,Underperform
343,MSFT,2015-07-08,Morgan Stanley,Equal-Weight,Equal-Weight
344,MSFT,2015-06-18,Jefferies,Underperform,Underperform
345,MSFT,2015-06-09,Wunderlich,Hold,Hold
346,MSFT,2015-06-03,Barclays,Overweight,Overweight
347,MSFT,2015-05-13,Deutsche Bank,Hold,Buy
348,MSFT,2015-04-30,KeyBanc,Overweight,Overweight
349,MSFT,2015-04-27,Citigroup,Sell,Sell
350,MSFT,2015-04-24,Nomura,Neutral,Buy
351,MSFT,2015-04-24,Pacific Crest,Overweight,Overweight
352,MSFT,2015-04-24,Citigroup,Neutral,Neutral
353,MSFT,2015-04-15,Citigroup,Sell,Sell
354,MSFT,2015-04-10,Barclays,Overweight,Overweight
355,MSFT,2015-04-06,Wells Fargo,Market Perform,Outperform
356,MSFT,2015-03-13,Pacific Crest,Outperform,Outperform
357,MSFT,2015-01-29,Atlantic Equities,Neutral,Underweight
358,MSFT,2015-01-28,Citigroup,Sell,Sell
359,MSFT,2015-01-27,JP Morgan,Overweight,Neutral
360,MSFT,2015-01-27,Nomura,Buy,Neutral
361,MSFT,2015-01-27,Barclays,Overweight,Overweight
362,MSFT,2015-01-06,Barclays,Overweight,Overweight
363,MSFT,2014-12-16,Bank of America,Neutral,Underperform
364,MSFT,2014-12-12,PiperJaffray,Overweight,Overweight
365,MSFT,2014-11-21,Jefferies,Underperform,Underperform
366,MSFT,2014-11-18,Citigroup,Neutral,Neutral
367,MSFT,2014-10-24,Credit Suisse,Outperform,Outperform
368,MSFT,2014-10-09,BMO Capital,Market Perform,Market Perform
369,MSFT,2014-10-02,FBN Securities,Outperform,Outperform
370,MSFT,2014-09-10,MKM Partners,Buy,Buy
371,MSFT,2014-09-04,Barclays,Overweight,Overweight
372,MSFT,2014-07-23,Bank of America,Underperform,Neutral
373,MSFT,2014-07-23,UBS,Buy,Buy
374,MSFT,2014-07-23,Pacific Crest,Sector Perform,Outperform
375,MSFT,2014-07-23,FBR Capital,Outperform,Outperform
376,MSFT,2014-07-23,Credit Suisse,Outperform,Outperform
377,MSFT,2014-07-18,Deutsche Bank,Hold,Hold
378,MSFT,2014-07-18,Barclays,Overweight,Overweight
379,MSFT,2014-07-15,Nomura,Buy,Buy
380,MSFT,2014-06-12,Citigroup,Neutral,Neutral
381,MSFT,2014-06-05,FBR Capital,Market Perform,Outperform
382,MSFT,2014-05-30,Summit Research Partners,Hold,Hold
383,MSFT,2014-04-25,FBR Capital,Market Perform,Market Perform
384,MSFT,2014-04-25,Oppenheimer,Outperform,Outperform
385,MSFT,2014-04-25,JP Morgan,Neutral,Neutral
386,MSFT,2014-04-25,Credit Suisse,Outperform,Outperform
387,MSFT,2014-04-22,Jefferies,Buy,Buy
388,MSFT,2014-04-14,Deutsche Bank,Buy,Hold
389,MSFT,2014-03-19,Cowen & Co.,Market Perform,Market Perform
390,MSFT,2014-03-18,Barclays,Overweight,Overweight
391,MSFT,2014-02-27,B. Riley FBR,Neutral,Neutral
392,MSFT,2014-02-27,B. Riley,Neutral,Neutral
393,MSFT,2014-02-04,Sterne Agee,Neutral,Neutral
394,MSFT,2014-01-24,Deutsche Bank,Buy,Buy
395,MSFT,2014-01-24,Credit Suisse,Outperform,Outperform
396,MSFT,2014-01-24,Citigroup,Neutral,Neutral
397,MSFT,2014-01-24,Barclays,Overweight,Overweight
398,MSFT,2014-01-23,Deutsche Bank,Hold,Buy
399,MSFT,2014-01-14,Citigroup,Buy,Neutral
400,MSFT,2014-01-10,Barclays,Equal-weight,Overweight
401,MSFT,2013-11-27,Evercore Partners,Overweight,Overweight
402,MSFT,2013-11-19,McAdams Wright Ragen,Hold,Hold
403,MSFT,2013-11-18,Bank of America,Neutral,Underperform
404,MSFT,2013-11-06,Nomura,Buy,Buy
405,MSFT,2013-10-15,Jefferies,Hold,Buy
406,MSFT,2013-09-04,Morgan Stanley,Overweight,Equal-Weight
407,MSFT,2013-08-26,BMO Capital,Market Perform,Market Perform
408,MSFT,2013-08-22,Nomura,Neutral,Buy
409,MSFT,2013-08-13,Stifel Nicolaus,Buy,Hold
410,MSFT,2013-08-08,Evercore Partners,Equal-Weight,Overweight
411,MSFT,2013-07-29,Atlantic Equities,Overweight,Neutral
412,MSFT,2013-07-19,Cowen & Co.,Outperform,Market Perform
413,MSFT,2013-06-26,Morgan Stanley,Overweight,Overweight
414,MSFT,2013-06-05,Deutsche Bank,Buy,Hold
415,MSFT,2013-05-28,Nomura,Neutral,Neutral
416,MSFT,2013-05-15,Stifel Nicolaus,Buy,Buy
417,MSFT,2013-04-30,Standpoint Research,Buy,Hold
418,MSFT,2013-04-30,Morgan Stanley,Overweight,Overweight
419,MSFT,2013-04-25,McAdams Wright Ragen,Buy,Hold
420,MSFT,2013-04-12,Credit Agricole,Buy,Outperform
421,MSFT,2013-04-11,Nomura,Buy,Neutral
422,MSFT,2013-04-11,Goldman Sachs,Neutral,Sell
423,MSFT,2013-04-11,Hilliard Lyons,Long-term Buy,Neutral
424,MSFT,2013-04-10,BGC Financial,Buy,Hold
425,MSFT,2013-04-04,Bank of America,Buy,Neutral
426,MSFT,2013-02-04,McAdams Wright Ragen,Buy,Buy
427,MSFT,2013-01-25,Deutsche Bank,Buy,Buy
428,MSFT,2013-01-18,Deutsche Bank,Buy,Buy
429,MSFT,2013-01-11,Nomura,Buy,Buy
430,MSFT,2013-01-10,Morgan Stanley,Overweight,Equal-Weight
431,MSFT,2013-01-07,Barclays,Equal-Weight,Equal-Weight
432,MSFT,2013-01-04,Argus,Buy,Hold
433,MSFT,2013-01-04,Argus Research,,Hold
434,MSFT,2012-12-14,SunTrust Robinson Humphrey,Neutral,Neutral
435,MSFT,2012-12-14,BMO Capital,Market Perform,Market Perform
436,MSFT,2012-12-13,Barclays,Equal-Weight,Equal-Weight
437,MSFT,2012-12-12,Standpoint Research,Hold,Buy
438,MSFT,2012-12-05,MKM Partners,Neutral,Neutral
439,MSFT,2012-11-28,Nomura,,
440,MSFT,2012-10-19,Barclays,Equal-Weight,Equal-Weight
441,MSFT,2012-10-01,RBC Capital,Outperform,Sector Perform
442,MSFT,2012-09-12,Jefferies,Hold,Hold
443,MSFT,2012-08-20,Longbow Research,Buy,Buy
444,MSFT,2012-07-20,Griffin Securities,Buy,Buy
445,MSFT,2012-07-20,Goldman Sachs,Neutral,Neutral
446,MSFT,2012-04-20,UBS,Buy,Buy
447,MSFT,2012-04-20,McAdams Wright Ragen,Buy,Buy
448,MSFT,2012-04-20,Goldman Sachs,Neutral,Neutral
449,MSFT,2012-04-20,Deutsche Bank,Buy,Buy
450,MSFT,2012-04-20,Bank oferica,Buy,Buy
451,MSFT,2012-04-03,UBS,Buy,Buy
452,MSFT,2012-03-22,Morgan Stanley,Overweight,Overweight
453,MSFT,2012-03-19,Hilliard Lyons,Long-Term Buy,Long-Term Buy
454,MSFT,2012-03-16,Argus Research,,Buy
