Date,ratingScore,ratingRecommendation,ratingDetailsDCFScore,ratingDetailsDCFRecommendation,ratingDetailsROEScore,ratingDetailsROERecommendation,ratingDetailsROAScore,ratingDetailsROARecommendation,ratingDetailsDEScore,ratingDetailsDERecommendation,ratingDetailsPEScore,ratingDetailsPERecommendation,ratingDetailsPBScore,ratingDetailsPBRecommendation
1/2/2020,4,Buy,3,Neutral,4,Buy,3,Neutral,4,Buy,5,Strong Buy,5,Strong Buy
1/3/2020,4,Buy,3,Neutral,4,Buy,3,Neutral,4,Buy,5,Strong Buy,5,Strong Buy
1/6/2020,4,Buy,3,Neutral,4,Buy,3,Neutral,4,Buy,5,Strong Buy,5,Strong Buy
1/7/2020,4,Buy,3,Neutral,4,Buy,3,Neutral,4,Buy,5,Strong Buy,5,Strong Buy
1/8/2020,4,Buy,3,Neutral,4,Buy,3,Neutral,4,Buy,5,Strong Buy,5,Strong Buy
1/9/2020,4,Buy,3,Neutral,4,Buy,3,Neutral,4,Buy,5,Strong Buy,5,Strong Buy
1/10/2020,4,Buy,3,Neutral,4,Buy,3,Neutral,4,Buy,5,Strong Buy,5,Strong Buy
1/13/2020,4,Buy,3,Neutral,4,Buy,3,Neutral,4,Buy,5,Strong Buy,5,Strong Buy
1/14/2020,4,Buy,3,Neutral,4,Buy,3,Neutral,4,Buy,5,Strong Buy,5,Strong Buy
1/15/2020,4,Buy,3,Neutral,4,Buy,3,Neutral,4,Buy,5,Strong Buy,5,Strong Buy
1/16/2020,4,Buy,3,Neutral,4,Buy,3,Neutral,4,Buy,5,Strong Buy,5,Strong Buy
1/17/2020,4,Buy,3,Neutral,4,Buy,3,Neutral,4,Buy,5,Strong Buy,5,Strong Buy
1/21/2020,4,Buy,3,Neutral,4,Buy,3,Neutral,4,Buy,5,Strong Buy,5,Strong Buy
1/22/2020,4,Buy,3,Neutral,4,Buy,3,Neutral,4,Buy,5,Strong Buy,5,Strong Buy
1/23/2020,4,Buy,3,Neutral,4,Buy,3,Neutral,4,Buy,5,Strong Buy,5,Strong Buy
1/24/2020,4,Buy,3,Neutral,4,Buy,3,Neutral,4,Buy,5,Strong Buy,5,Strong Buy
1/27/2020,4,Buy,3,Neutral,4,Buy,3,Neutral,4,Buy,5,Strong Buy,5,Strong Buy
1/28/2020,4,Buy,3,Neutral,4,Buy,3,Neutral,4,Buy,5,Strong Buy,5,Strong Buy
1/29/2020,4,Buy,3,Neutral,4,Buy,3,Neutral,4,Buy,5,Strong Buy,5,Strong Buy
1/30/2020,4,Buy,3,Neutral,4,Buy,3,Neutral,4,Buy,5,Strong Buy,5,Strong Buy
1/31/2020,4,Buy,3,Neutral,4,Buy,3,Neutral,4,Buy,5,Strong Buy,5,Strong Buy
2/3/2020,4,Buy,3,Neutral,4,Buy,3,Neutral,4,Buy,5,Strong Buy,5,Strong Buy
2/4/2020,4,Buy,3,Neutral,4,Buy,3,Neutral,4,Buy,5,Strong Buy,5,Strong Buy
2/5/2020,4,Buy,3,Neutral,4,Buy,3,Neutral,4,Buy,5,Strong Buy,5,Strong Buy
2/6/2020,4,Buy,3,Neutral,4,Buy,3,Neutral,4,Buy,5,Strong Buy,5,Strong Buy
2/7/2020,4,Buy,3,Neutral,4,Buy,3,Neutral,4,Buy,5,Strong Buy,5,Strong Buy
2/10/2020,4,Buy,3,Neutral,4,Buy,3,Neutral,4,Buy,5,Strong Buy,5,Strong Buy
2/11/2020,4,Buy,3,Neutral,4,Buy,3,Neutral,4,Buy,5,Strong Buy,5,Strong Buy
2/12/2020,4,Buy,3,Neutral,4,Buy,3,Neutral,4,Buy,5,Strong Buy,5,Strong Buy
2/13/2020,4,Buy,3,Neutral,4,Buy,3,Neutral,4,Buy,5,Strong Buy,5,Strong Buy
2/14/2020,4,Buy,3,Neutral,4,Buy,3,Neutral,4,Buy,5,Strong Buy,5,Strong Buy
2/18/2020,4,Buy,3,Neutral,4,Buy,3,Neutral,4,Buy,5,Strong Buy,5,Strong Buy
2/19/2020,4,Buy,3,Neutral,4,Buy,3,Neutral,4,Buy,5,Strong Buy,5,Strong Buy
2/20/2020,4,Buy,3,Neutral,4,Buy,3,Neutral,4,Buy,5,Strong Buy,5,Strong Buy
2/21/2020,4,Buy,3,Neutral,4,Buy,3,Neutral,4,Buy,5,Strong Buy,5,Strong Buy
2/24/2020,4,Buy,3,Neutral,4,Buy,3,Neutral,4,Buy,5,Strong Buy,5,Strong Buy
2/25/2020,4,Buy,3,Neutral,4,Buy,3,Neutral,4,Buy,5,Strong Buy,5,Strong Buy
2/26/2020,4,Buy,3,Neutral,4,Buy,3,Neutral,4,Buy,5,Strong Buy,5,Strong Buy
2/27/2020,4,Buy,3,Neutral,4,Buy,3,Neutral,4,Buy,5,Strong Buy,5,Strong Buy
2/28/2020,4,Buy,3,Neutral,4,Buy,3,Neutral,4,Buy,5,Strong Buy,5,Strong Buy
3/2/2020,4,Buy,3,Neutral,4,Buy,3,Neutral,4,Buy,5,Strong Buy,5,Strong Buy
3/3/2020,4,Buy,3,Neutral,4,Buy,3,Neutral,4,Buy,5,Strong Buy,5,Strong Buy
3/4/2020,4,Buy,3,Neutral,4,Buy,3,Neutral,4,Buy,5,Strong Buy,5,Strong Buy
3/5/2020,4,Buy,3,Neutral,4,Buy,3,Neutral,4,Buy,5,Strong Buy,5,Strong Buy
3/6/2020,4,Buy,3,Neutral,4,Buy,3,Neutral,4,Buy,5,Strong Buy,5,Strong Buy
3/9/2020,4,Buy,3,Neutral,4,Buy,3,Neutral,4,Buy,5,Strong Buy,5,Strong Buy
3/10/2020,4,Buy,3,Neutral,4,Buy,3,Neutral,4,Buy,5,Strong Buy,5,Strong Buy
3/11/2020,4,Buy,3,Neutral,4,Buy,3,Neutral,4,Buy,5,Strong Buy,5,Strong Buy
3/12/2020,4,Buy,3,Neutral,4,Buy,3,Neutral,4,Buy,5,Strong Buy,5,Strong Buy
3/13/2020,4,Buy,3,Neutral,4,Buy,3,Neutral,4,Buy,5,Strong Buy,5,Strong Buy
3/16/2020,4,Buy,3,Neutral,4,Buy,3,Neutral,4,Buy,5,Strong Buy,5,Strong Buy
3/17/2020,4,Buy,3,Neutral,4,Buy,3,Neutral,4,Buy,5,Strong Buy,5,Strong Buy
3/18/2020,4,Buy,3,Neutral,4,Buy,3,Neutral,4,Buy,5,Strong Buy,5,Strong Buy
3/19/2020,4,Buy,3,Neutral,4,Buy,3,Neutral,4,Buy,5,Strong Buy,5,Strong Buy
3/20/2020,4,Buy,3,Neutral,4,Buy,3,Neutral,4,Buy,5,Strong Buy,5,Strong Buy
3/23/2020,4,Buy,3,Neutral,4,Buy,3,Neutral,4,Buy,5,Strong Buy,5,Strong Buy
3/24/2020,4,Buy,3,Neutral,4,Buy,3,Neutral,4,Buy,5,Strong Buy,5,Strong Buy
3/25/2020,4,Buy,3,Neutral,4,Buy,3,Neutral,4,Buy,5,Strong Buy,5,Strong Buy
3/26/2020,4,Buy,3,Neutral,4,Buy,3,Neutral,4,Buy,5,Strong Buy,5,Strong Buy
3/27/2020,4,Buy,3,Neutral,4,Buy,3,Neutral,4,Buy,5,Strong Buy,5,Strong Buy
3/30/2020,4,Buy,3,Neutral,4,Buy,3,Neutral,4,Buy,5,Strong Buy,5,Strong Buy
3/31/2020,4,Buy,3,Neutral,3,Neutral,3,Neutral,4,Buy,5,Strong Buy,5,Strong Buy
4/1/2020,4,Buy,3,Neutral,3,Neutral,3,Neutral,4,Buy,5,Strong Buy,5,Strong Buy
4/2/2020,4,Buy,3,Neutral,3,Neutral,3,Neutral,4,Buy,5,Strong Buy,5,Strong Buy
4/3/2020,4,Buy,3,Neutral,3,Neutral,3,Neutral,4,Buy,5,Strong Buy,5,Strong Buy
4/6/2020,4,Buy,3,Neutral,3,Neutral,3,Neutral,4,Buy,5,Strong Buy,5,Strong Buy
4/7/2020,4,Buy,3,Neutral,3,Neutral,3,Neutral,4,Buy,5,Strong Buy,5,Strong Buy
4/8/2020,4,Buy,3,Neutral,3,Neutral,3,Neutral,4,Buy,5,Strong Buy,5,Strong Buy
4/9/2020,4,Buy,3,Neutral,3,Neutral,3,Neutral,4,Buy,5,Strong Buy,5,Strong Buy
4/13/2020,4,Buy,3,Neutral,3,Neutral,3,Neutral,4,Buy,5,Strong Buy,5,Strong Buy
4/14/2020,4,Buy,3,Neutral,3,Neutral,3,Neutral,4,Buy,5,Strong Buy,5,Strong Buy
4/15/2020,4,Buy,3,Neutral,3,Neutral,3,Neutral,4,Buy,5,Strong Buy,5,Strong Buy
4/16/2020,4,Buy,3,Neutral,3,Neutral,3,Neutral,4,Buy,5,Strong Buy,5,Strong Buy
4/17/2020,4,Buy,3,Neutral,3,Neutral,3,Neutral,4,Buy,5,Strong Buy,5,Strong Buy
4/20/2020,4,Buy,3,Neutral,3,Neutral,3,Neutral,4,Buy,5,Strong Buy,5,Strong Buy
4/21/2020,4,Buy,3,Neutral,3,Neutral,3,Neutral,4,Buy,5,Strong Buy,5,Strong Buy
4/22/2020,4,Buy,3,Neutral,3,Neutral,3,Neutral,4,Buy,5,Strong Buy,5,Strong Buy
4/23/2020,4,Buy,3,Neutral,3,Neutral,3,Neutral,4,Buy,5,Strong Buy,5,Strong Buy
4/24/2020,4,Buy,3,Neutral,3,Neutral,3,Neutral,4,Buy,5,Strong Buy,5,Strong Buy
4/27/2020,4,Buy,3,Neutral,3,Neutral,3,Neutral,4,Buy,5,Strong Buy,5,Strong Buy
4/28/2020,4,Buy,3,Neutral,3,Neutral,3,Neutral,4,Buy,5,Strong Buy,5,Strong Buy
4/29/2020,4,Buy,3,Neutral,3,Neutral,3,Neutral,4,Buy,5,Strong Buy,5,Strong Buy
4/30/2020,4,Buy,3,Neutral,3,Neutral,3,Neutral,4,Buy,5,Strong Buy,5,Strong Buy
5/1/2020,4,Buy,3,Neutral,3,Neutral,3,Neutral,4,Buy,5,Strong Buy,5,Strong Buy
5/4/2020,4,Buy,3,Neutral,3,Neutral,3,Neutral,4,Buy,5,Strong Buy,5,Strong Buy
5/5/2020,4,Buy,3,Neutral,3,Neutral,3,Neutral,4,Buy,5,Strong Buy,5,Strong Buy
5/6/2020,4,Buy,3,Neutral,3,Neutral,3,Neutral,4,Buy,5,Strong Buy,5,Strong Buy
5/7/2020,4,Buy,3,Neutral,3,Neutral,3,Neutral,4,Buy,5,Strong Buy,5,Strong Buy
5/8/2020,4,Buy,3,Neutral,3,Neutral,3,Neutral,4,Buy,5,Strong Buy,5,Strong Buy
5/11/2020,4,Buy,3,Neutral,3,Neutral,3,Neutral,4,Buy,5,Strong Buy,5,Strong Buy
5/12/2020,4,Buy,3,Neutral,3,Neutral,3,Neutral,4,Buy,5,Strong Buy,5,Strong Buy
5/13/2020,4,Buy,3,Neutral,3,Neutral,3,Neutral,4,Buy,5,Strong Buy,5,Strong Buy
5/14/2020,4,Buy,3,Neutral,3,Neutral,3,Neutral,4,Buy,5,Strong Buy,5,Strong Buy
5/15/2020,4,Buy,3,Neutral,3,Neutral,3,Neutral,4,Buy,5,Strong Buy,5,Strong Buy
5/18/2020,4,Buy,3,Neutral,3,Neutral,3,Neutral,4,Buy,5,Strong Buy,5,Strong Buy
5/19/2020,4,Buy,3,Neutral,3,Neutral,3,Neutral,4,Buy,5,Strong Buy,5,Strong Buy
5/20/2020,4,Buy,3,Neutral,3,Neutral,3,Neutral,4,Buy,5,Strong Buy,5,Strong Buy
5/21/2020,4,Buy,3,Neutral,3,Neutral,3,Neutral,4,Buy,5,Strong Buy,5,Strong Buy
5/22/2020,4,Buy,3,Neutral,3,Neutral,3,Neutral,4,Buy,5,Strong Buy,5,Strong Buy
5/26/2020,4,Buy,3,Neutral,3,Neutral,3,Neutral,4,Buy,5,Strong Buy,5,Strong Buy
5/27/2020,4,Buy,3,Neutral,3,Neutral,3,Neutral,4,Buy,5,Strong Buy,5,Strong Buy
5/28/2020,4,Buy,3,Neutral,3,Neutral,3,Neutral,4,Buy,5,Strong Buy,5,Strong Buy
5/29/2020,4,Buy,3,Neutral,3,Neutral,3,Neutral,4,Buy,5,Strong Buy,5,Strong Buy
6/1/2020,4,Buy,3,Neutral,3,Neutral,3,Neutral,4,Buy,5,Strong Buy,5,Strong Buy
6/2/2020,5,Strong Buy,5,Strong Buy,3,Neutral,3,Neutral,4,Buy,5,Strong Buy,5,Strong Buy
6/3/2020,5,Strong Buy,5,Strong Buy,3,Neutral,3,Neutral,4,Buy,5,Strong Buy,5,Strong Buy
6/4/2020,5,Strong Buy,5,Strong Buy,3,Neutral,3,Neutral,4,Buy,5,Strong Buy,5,Strong Buy
6/5/2020,5,Strong Buy,5,Strong Buy,3,Neutral,3,Neutral,4,Buy,5,Strong Buy,5,Strong Buy
6/10/2020,5,Strong Buy,5,Strong Buy,3,Neutral,3,Neutral,4,Buy,5,Strong Buy,5,Strong Buy
6/15/2020,5,Strong Buy,5,Strong Buy,3,Neutral,3,Neutral,4,Buy,5,Strong Buy,5,Strong Buy
6/16/2020,5,Strong Buy,5,Strong Buy,3,Neutral,3,Neutral,4,Buy,5,Strong Buy,5,Strong Buy
6/17/2020,5,Strong Buy,5,Strong Buy,3,Neutral,3,Neutral,4,Buy,5,Strong Buy,5,Strong Buy
6/18/2020,5,Strong Buy,5,Strong Buy,3,Neutral,3,Neutral,4,Buy,5,Strong Buy,5,Strong Buy
6/19/2020,5,Strong Buy,5,Strong Buy,3,Neutral,3,Neutral,4,Buy,5,Strong Buy,5,Strong Buy
6/22/2020,5,Strong Buy,5,Strong Buy,3,Neutral,3,Neutral,4,Buy,5,Strong Buy,5,Strong Buy
6/23/2020,5,Strong Buy,5,Strong Buy,3,Neutral,3,Neutral,4,Buy,5,Strong Buy,5,Strong Buy
6/24/2020,5,Strong Buy,5,Strong Buy,3,Neutral,3,Neutral,4,Buy,5,Strong Buy,5,Strong Buy
6/25/2020,5,Strong Buy,5,Strong Buy,3,Neutral,3,Neutral,4,Buy,5,Strong Buy,5,Strong Buy
6/26/2020,5,Strong Buy,5,Strong Buy,3,Neutral,3,Neutral,4,Buy,5,Strong Buy,5,Strong Buy
6/29/2020,5,Strong Buy,5,Strong Buy,3,Neutral,3,Neutral,4,Buy,5,Strong Buy,5,Strong Buy
6/30/2020,5,Strong Buy,5,Strong Buy,3,Neutral,3,Neutral,4,Buy,5,Strong Buy,5,Strong Buy
7/1/2020,5,Strong Buy,5,Strong Buy,3,Neutral,3,Neutral,4,Buy,5,Strong Buy,5,Strong Buy
7/2/2020,5,Strong Buy,5,Strong Buy,3,Neutral,3,Neutral,4,Buy,5,Strong Buy,5,Strong Buy
7/6/2020,5,Strong Buy,5,Strong Buy,3,Neutral,3,Neutral,4,Buy,5,Strong Buy,5,Strong Buy
7/7/2020,5,Strong Buy,5,Strong Buy,3,Neutral,3,Neutral,4,Buy,5,Strong Buy,5,Strong Buy
7/8/2020,5,Strong Buy,5,Strong Buy,3,Neutral,3,Neutral,4,Buy,5,Strong Buy,5,Strong Buy
7/9/2020,5,Strong Buy,5,Strong Buy,3,Neutral,3,Neutral,4,Buy,5,Strong Buy,5,Strong Buy
7/10/2020,5,Strong Buy,5,Strong Buy,3,Neutral,3,Neutral,4,Buy,5,Strong Buy,5,Strong Buy
7/13/2020,5,Strong Buy,5,Strong Buy,3,Neutral,3,Neutral,4,Buy,5,Strong Buy,5,Strong Buy
7/14/2020,5,Strong Buy,5,Strong Buy,3,Neutral,3,Neutral,4,Buy,5,Strong Buy,5,Strong Buy
7/15/2020,5,Strong Buy,5,Strong Buy,3,Neutral,3,Neutral,4,Buy,5,Strong Buy,5,Strong Buy
7/16/2020,5,Strong Buy,5,Strong Buy,3,Neutral,3,Neutral,4,Buy,5,Strong Buy,5,Strong Buy
7/17/2020,5,Strong Buy,5,Strong Buy,3,Neutral,3,Neutral,4,Buy,5,Strong Buy,5,Strong Buy
7/20/2020,5,Strong Buy,5,Strong Buy,3,Neutral,3,Neutral,4,Buy,5,Strong Buy,5,Strong Buy
7/21/2020,5,Strong Buy,5,Strong Buy,3,Neutral,3,Neutral,4,Buy,5,Strong Buy,5,Strong Buy
7/22/2020,5,Strong Buy,5,Strong Buy,3,Neutral,3,Neutral,4,Buy,5,Strong Buy,5,Strong Buy
7/23/2020,5,Strong Buy,5,Strong Buy,3,Neutral,3,Neutral,4,Buy,5,Strong Buy,5,Strong Buy
7/24/2020,5,Strong Buy,5,Strong Buy,3,Neutral,3,Neutral,4,Buy,5,Strong Buy,5,Strong Buy
7/27/2020,5,Strong Buy,5,Strong Buy,3,Neutral,3,Neutral,4,Buy,5,Strong Buy,5,Strong Buy
7/28/2020,5,Strong Buy,5,Strong Buy,3,Neutral,3,Neutral,4,Buy,5,Strong Buy,5,Strong Buy
7/29/2020,5,Strong Buy,5,Strong Buy,3,Neutral,3,Neutral,4,Buy,5,Strong Buy,5,Strong Buy
7/30/2020,5,Strong Buy,5,Strong Buy,3,Neutral,3,Neutral,4,Buy,5,Strong Buy,5,Strong Buy
7/31/2020,5,Strong Buy,5,Strong Buy,3,Neutral,3,Neutral,4,Buy,5,Strong Buy,5,Strong Buy
8/3/2020,5,Strong Buy,5,Strong Buy,3,Neutral,3,Neutral,4,Buy,5,Strong Buy,5,Strong Buy
8/4/2020,5,Strong Buy,5,Strong Buy,3,Neutral,3,Neutral,4,Buy,5,Strong Buy,5,Strong Buy
8/5/2020,5,Strong Buy,5,Strong Buy,3,Neutral,3,Neutral,4,Buy,5,Strong Buy,5,Strong Buy
8/6/2020,5,Strong Buy,5,Strong Buy,3,Neutral,3,Neutral,4,Buy,5,Strong Buy,5,Strong Buy
8/7/2020,5,Strong Buy,5,Strong Buy,3,Neutral,3,Neutral,4,Buy,5,Strong Buy,5,Strong Buy
8/10/2020,5,Strong Buy,5,Strong Buy,3,Neutral,3,Neutral,4,Buy,5,Strong Buy,5,Strong Buy
8/11/2020,5,Strong Buy,5,Strong Buy,3,Neutral,3,Neutral,4,Buy,5,Strong Buy,5,Strong Buy
8/12/2020,5,Strong Buy,5,Strong Buy,3,Neutral,3,Neutral,4,Buy,5,Strong Buy,5,Strong Buy
8/13/2020,5,Strong Buy,5,Strong Buy,3,Neutral,3,Neutral,4,Buy,5,Strong Buy,5,Strong Buy
8/14/2020,5,Strong Buy,5,Strong Buy,3,Neutral,3,Neutral,4,Buy,5,Strong Buy,5,Strong Buy
8/17/2020,5,Strong Buy,5,Strong Buy,3,Neutral,3,Neutral,4,Buy,5,Strong Buy,5,Strong Buy
8/18/2020,5,Strong Buy,5,Strong Buy,3,Neutral,3,Neutral,4,Buy,5,Strong Buy,5,Strong Buy
8/19/2020,5,Strong Buy,5,Strong Buy,3,Neutral,3,Neutral,4,Buy,5,Strong Buy,5,Strong Buy
8/20/2020,5,Strong Buy,5,Strong Buy,3,Neutral,3,Neutral,4,Buy,5,Strong Buy,5,Strong Buy
8/21/2020,5,Strong Buy,5,Strong Buy,3,Neutral,3,Neutral,4,Buy,5,Strong Buy,5,Strong Buy
8/24/2020,5,Strong Buy,5,Strong Buy,3,Neutral,3,Neutral,4,Buy,5,Strong Buy,5,Strong Buy
8/25/2020,5,Strong Buy,5,Strong Buy,3,Neutral,3,Neutral,4,Buy,5,Strong Buy,5,Strong Buy
8/26/2020,5,Strong Buy,5,Strong Buy,3,Neutral,3,Neutral,4,Buy,5,Strong Buy,5,Strong Buy
8/27/2020,5,Strong Buy,5,Strong Buy,3,Neutral,3,Neutral,4,Buy,5,Strong Buy,5,Strong Buy
8/28/2020,5,Strong Buy,5,Strong Buy,3,Neutral,3,Neutral,4,Buy,5,Strong Buy,5,Strong Buy
8/31/2020,5,Strong Buy,5,Strong Buy,3,Neutral,3,Neutral,4,Buy,5,Strong Buy,5,Strong Buy
9/1/2020,5,Strong Buy,5,Strong Buy,3,Neutral,3,Neutral,4,Buy,5,Strong Buy,5,Strong Buy
9/2/2020,5,Strong Buy,5,Strong Buy,3,Neutral,3,Neutral,4,Buy,5,Strong Buy,5,Strong Buy
9/3/2020,5,Strong Buy,5,Strong Buy,3,Neutral,3,Neutral,4,Buy,5,Strong Buy,5,Strong Buy
9/4/2020,5,Strong Buy,5,Strong Buy,3,Neutral,3,Neutral,4,Buy,5,Strong Buy,5,Strong Buy
9/8/2020,5,Strong Buy,5,Strong Buy,3,Neutral,3,Neutral,4,Buy,5,Strong Buy,5,Strong Buy
9/9/2020,5,Strong Buy,5,Strong Buy,3,Neutral,3,Neutral,4,Buy,5,Strong Buy,5,Strong Buy
9/10/2020,5,Strong Buy,5,Strong Buy,3,Neutral,3,Neutral,4,Buy,5,Strong Buy,5,Strong Buy
9/11/2020,5,Strong Buy,5,Strong Buy,3,Neutral,3,Neutral,4,Buy,5,Strong Buy,5,Strong Buy
9/14/2020,5,Strong Buy,5,Strong Buy,3,Neutral,3,Neutral,4,Buy,5,Strong Buy,5,Strong Buy
9/15/2020,5,Strong Buy,5,Strong Buy,3,Neutral,3,Neutral,4,Buy,5,Strong Buy,5,Strong Buy
9/16/2020,5,Strong Buy,5,Strong Buy,3,Neutral,3,Neutral,4,Buy,5,Strong Buy,5,Strong Buy
9/17/2020,5,Strong Buy,5,Strong Buy,3,Neutral,3,Neutral,4,Buy,5,Strong Buy,5,Strong Buy
9/18/2020,5,Strong Buy,5,Strong Buy,3,Neutral,3,Neutral,4,Buy,5,Strong Buy,5,Strong Buy
9/21/2020,5,Strong Buy,5,Strong Buy,3,Neutral,3,Neutral,4,Buy,5,Strong Buy,5,Strong Buy
9/22/2020,5,Strong Buy,5,Strong Buy,3,Neutral,3,Neutral,4,Buy,5,Strong Buy,5,Strong Buy
9/23/2020,5,Strong Buy,5,Strong Buy,3,Neutral,3,Neutral,4,Buy,5,Strong Buy,5,Strong Buy
9/24/2020,5,Strong Buy,5,Strong Buy,3,Neutral,3,Neutral,4,Buy,5,Strong Buy,5,Strong Buy
9/25/2020,5,Strong Buy,5,Strong Buy,3,Neutral,3,Neutral,4,Buy,5,Strong Buy,5,Strong Buy
9/28/2020,5,Strong Buy,5,Strong Buy,3,Neutral,3,Neutral,4,Buy,5,Strong Buy,5,Strong Buy
9/29/2020,5,Strong Buy,5,Strong Buy,3,Neutral,3,Neutral,4,Buy,5,Strong Buy,5,Strong Buy
9/30/2020,5,Strong Buy,5,Strong Buy,3,Neutral,3,Neutral,4,Buy,5,Strong Buy,5,Strong Buy
10/1/2020,5,Strong Buy,5,Strong Buy,3,Neutral,3,Neutral,4,Buy,5,Strong Buy,5,Strong Buy
10/2/2020,5,Strong Buy,5,Strong Buy,3,Neutral,3,Neutral,4,Buy,5,Strong Buy,5,Strong Buy
10/5/2020,5,Strong Buy,5,Strong Buy,3,Neutral,3,Neutral,4,Buy,5,Strong Buy,5,Strong Buy
10/6/2020,5,Strong Buy,5,Strong Buy,3,Neutral,3,Neutral,4,Buy,5,Strong Buy,5,Strong Buy
10/7/2020,5,Strong Buy,5,Strong Buy,3,Neutral,3,Neutral,4,Buy,5,Strong Buy,5,Strong Buy
10/8/2020,5,Strong Buy,5,Strong Buy,3,Neutral,3,Neutral,4,Buy,5,Strong Buy,5,Strong Buy
10/9/2020,5,Strong Buy,5,Strong Buy,3,Neutral,3,Neutral,4,Buy,5,Strong Buy,5,Strong Buy
10/12/2020,5,Strong Buy,5,Strong Buy,3,Neutral,3,Neutral,4,Buy,5,Strong Buy,5,Strong Buy
10/13/2020,5,Strong Buy,5,Strong Buy,3,Neutral,3,Neutral,4,Buy,5,Strong Buy,5,Strong Buy
10/14/2020,5,Strong Buy,5,Strong Buy,3,Neutral,3,Neutral,4,Buy,5,Strong Buy,5,Strong Buy
10/15/2020,5,Strong Buy,5,Strong Buy,3,Neutral,3,Neutral,4,Buy,5,Strong Buy,5,Strong Buy
10/16/2020,5,Strong Buy,5,Strong Buy,3,Neutral,3,Neutral,4,Buy,5,Strong Buy,5,Strong Buy
10/19/2020,5,Strong Buy,5,Strong Buy,3,Neutral,3,Neutral,4,Buy,5,Strong Buy,5,Strong Buy
10/20/2020,5,Strong Buy,5,Strong Buy,3,Neutral,3,Neutral,4,Buy,5,Strong Buy,5,Strong Buy
10/21/2020,5,Strong Buy,5,Strong Buy,3,Neutral,3,Neutral,4,Buy,5,Strong Buy,5,Strong Buy
10/22/2020,5,Strong Buy,5,Strong Buy,3,Neutral,3,Neutral,4,Buy,5,Strong Buy,5,Strong Buy
10/23/2020,5,Strong Buy,5,Strong Buy,3,Neutral,3,Neutral,4,Buy,5,Strong Buy,5,Strong Buy
10/26/2020,5,Strong Buy,5,Strong Buy,3,Neutral,3,Neutral,4,Buy,5,Strong Buy,5,Strong Buy
10/27/2020,5,Strong Buy,5,Strong Buy,4,Buy,3,Neutral,4,Buy,5,Strong Buy,5,Strong Buy
10/28/2020,5,Strong Buy,5,Strong Buy,4,Buy,3,Neutral,4,Buy,5,Strong Buy,5,Strong Buy
10/29/2020,5,Strong Buy,5,Strong Buy,4,Buy,3,Neutral,4,Buy,5,Strong Buy,5,Strong Buy
10/30/2020,5,Strong Buy,5,Strong Buy,4,Buy,3,Neutral,4,Buy,5,Strong Buy,5,Strong Buy
11/2/2020,5,Strong Buy,5,Strong Buy,4,Buy,3,Neutral,4,Buy,5,Strong Buy,5,Strong Buy
11/3/2020,5,Strong Buy,5,Strong Buy,4,Buy,3,Neutral,4,Buy,5,Strong Buy,5,Strong Buy
11/4/2020,5,Strong Buy,5,Strong Buy,4,Buy,3,Neutral,4,Buy,5,Strong Buy,5,Strong Buy
11/5/2020,5,Strong Buy,5,Strong Buy,4,Buy,3,Neutral,4,Buy,5,Strong Buy,5,Strong Buy
11/6/2020,5,Strong Buy,5,Strong Buy,4,Buy,3,Neutral,4,Buy,5,Strong Buy,5,Strong Buy
11/9/2020,5,Strong Buy,5,Strong Buy,4,Buy,3,Neutral,4,Buy,5,Strong Buy,5,Strong Buy
11/10/2020,5,Strong Buy,5,Strong Buy,4,Buy,3,Neutral,4,Buy,5,Strong Buy,5,Strong Buy
11/11/2020,5,Strong Buy,5,Strong Buy,4,Buy,3,Neutral,4,Buy,5,Strong Buy,5,Strong Buy
11/12/2020,5,Strong Buy,5,Strong Buy,4,Buy,3,Neutral,4,Buy,5,Strong Buy,5,Strong Buy
11/13/2020,5,Strong Buy,5,Strong Buy,4,Buy,3,Neutral,4,Buy,5,Strong Buy,5,Strong Buy
11/16/2020,5,Strong Buy,5,Strong Buy,4,Buy,3,Neutral,4,Buy,5,Strong Buy,5,Strong Buy
11/17/2020,5,Strong Buy,5,Strong Buy,4,Buy,3,Neutral,4,Buy,5,Strong Buy,5,Strong Buy
11/18/2020,5,Strong Buy,5,Strong Buy,4,Buy,3,Neutral,4,Buy,5,Strong Buy,5,Strong Buy
11/19/2020,5,Strong Buy,5,Strong Buy,4,Buy,3,Neutral,4,Buy,5,Strong Buy,5,Strong Buy
11/20/2020,5,Strong Buy,5,Strong Buy,4,Buy,3,Neutral,4,Buy,5,Strong Buy,5,Strong Buy
11/23/2020,5,Strong Buy,5,Strong Buy,4,Buy,3,Neutral,4,Buy,5,Strong Buy,5,Strong Buy
11/24/2020,5,Strong Buy,5,Strong Buy,4,Buy,3,Neutral,4,Buy,5,Strong Buy,5,Strong Buy
11/25/2020,5,Strong Buy,5,Strong Buy,4,Buy,3,Neutral,4,Buy,5,Strong Buy,5,Strong Buy
11/27/2020,5,Strong Buy,5,Strong Buy,4,Buy,3,Neutral,4,Buy,5,Strong Buy,5,Strong Buy
11/30/2020,5,Strong Buy,5,Strong Buy,4,Buy,3,Neutral,4,Buy,5,Strong Buy,5,Strong Buy
12/1/2020,5,Strong Buy,5,Strong Buy,4,Buy,3,Neutral,4,Buy,5,Strong Buy,5,Strong Buy
12/2/2020,5,Strong Buy,5,Strong Buy,4,Buy,3,Neutral,4,Buy,5,Strong Buy,5,Strong Buy
12/3/2020,5,Strong Buy,5,Strong Buy,4,Buy,3,Neutral,4,Buy,5,Strong Buy,5,Strong Buy
12/4/2020,5,Strong Buy,5,Strong Buy,4,Buy,3,Neutral,4,Buy,5,Strong Buy,5,Strong Buy
12/7/2020,5,Strong Buy,5,Strong Buy,4,Buy,3,Neutral,4,Buy,5,Strong Buy,5,Strong Buy
12/8/2020,5,Strong Buy,5,Strong Buy,4,Buy,3,Neutral,4,Buy,5,Strong Buy,5,Strong Buy
12/9/2020,5,Strong Buy,5,Strong Buy,4,Buy,3,Neutral,4,Buy,5,Strong Buy,5,Strong Buy
12/10/2020,5,Strong Buy,5,Strong Buy,4,Buy,3,Neutral,4,Buy,5,Strong Buy,5,Strong Buy
12/11/2020,5,Strong Buy,5,Strong Buy,4,Buy,3,Neutral,4,Buy,5,Strong Buy,5,Strong Buy
12/14/2020,5,Strong Buy,5,Strong Buy,4,Buy,3,Neutral,4,Buy,5,Strong Buy,5,Strong Buy
12/15/2020,5,Strong Buy,5,Strong Buy,4,Buy,3,Neutral,4,Buy,5,Strong Buy,5,Strong Buy
12/16/2020,5,Strong Buy,5,Strong Buy,4,Buy,3,Neutral,4,Buy,5,Strong Buy,5,Strong Buy
12/17/2020,5,Strong Buy,5,Strong Buy,4,Buy,3,Neutral,4,Buy,5,Strong Buy,5,Strong Buy
12/18/2020,5,Strong Buy,5,Strong Buy,4,Buy,3,Neutral,4,Buy,5,Strong Buy,5,Strong Buy
12/21/2020,5,Strong Buy,5,Strong Buy,4,Buy,3,Neutral,4,Buy,5,Strong Buy,5,Strong Buy
12/22/2020,5,Strong Buy,5,Strong Buy,4,Buy,3,Neutral,4,Buy,5,Strong Buy,5,Strong Buy
12/23/2020,5,Strong Buy,5,Strong Buy,4,Buy,3,Neutral,4,Buy,5,Strong Buy,5,Strong Buy
12/24/2020,5,Strong Buy,5,Strong Buy,4,Buy,3,Neutral,4,Buy,5,Strong Buy,5,Strong Buy
12/28/2020,5,Strong Buy,5,Strong Buy,4,Buy,3,Neutral,4,Buy,5,Strong Buy,5,Strong Buy
12/29/2020,5,Strong Buy,5,Strong Buy,4,Buy,3,Neutral,4,Buy,5,Strong Buy,5,Strong Buy
12/30/2020,5,Strong Buy,5,Strong Buy,4,Buy,3,Neutral,4,Buy,5,Strong Buy,5,Strong Buy
12/31/2020,5,Strong Buy,5,Strong Buy,4,Buy,3,Neutral,4,Buy,5,Strong Buy,5,Strong Buy
1/4/2021,5,Strong Buy,5,Strong Buy,4,Buy,3,Neutral,4,Buy,5,Strong Buy,5,Strong Buy
1/5/2021,5,Strong Buy,5,Strong Buy,4,Buy,3,Neutral,4,Buy,5,Strong Buy,5,Strong Buy
1/6/2021,5,Strong Buy,5,Strong Buy,4,Buy,3,Neutral,4,Buy,5,Strong Buy,5,Strong Buy
1/7/2021,5,Strong Buy,5,Strong Buy,4,Buy,3,Neutral,4,Buy,5,Strong Buy,5,Strong Buy
1/8/2021,5,Strong Buy,5,Strong Buy,4,Buy,3,Neutral,4,Buy,5,Strong Buy,5,Strong Buy
1/11/2021,5,Strong Buy,5,Strong Buy,4,Buy,3,Neutral,4,Buy,5,Strong Buy,5,Strong Buy
1/12/2021,5,Strong Buy,5,Strong Buy,4,Buy,3,Neutral,4,Buy,5,Strong Buy,5,Strong Buy
1/13/2021,5,Strong Buy,5,Strong Buy,4,Buy,3,Neutral,4,Buy,5,Strong Buy,5,Strong Buy
1/14/2021,5,Strong Buy,5,Strong Buy,4,Buy,3,Neutral,4,Buy,5,Strong Buy,5,Strong Buy
1/15/2021,5,Strong Buy,5,Strong Buy,4,Buy,3,Neutral,4,Buy,5,Strong Buy,5,Strong Buy
1/19/2021,5,Strong Buy,5,Strong Buy,4,Buy,3,Neutral,4,Buy,5,Strong Buy,5,Strong Buy
1/20/2021,5,Strong Buy,5,Strong Buy,4,Buy,3,Neutral,4,Buy,5,Strong Buy,5,Strong Buy
1/21/2021,5,Strong Buy,5,Strong Buy,4,Buy,3,Neutral,4,Buy,5,Strong Buy,5,Strong Buy
1/22/2021,5,Strong Buy,5,Strong Buy,4,Buy,3,Neutral,4,Buy,5,Strong Buy,5,Strong Buy
1/25/2021,5,Strong Buy,5,Strong Buy,4,Buy,3,Neutral,4,Buy,5,Strong Buy,5,Strong Buy
1/26/2021,5,Strong Buy,5,Strong Buy,4,Buy,3,Neutral,4,Buy,5,Strong Buy,5,Strong Buy
1/27/2021,5,Strong Buy,5,Strong Buy,4,Buy,3,Neutral,4,Buy,5,Strong Buy,5,Strong Buy
1/28/2021,5,Strong Buy,5,Strong Buy,4,Buy,3,Neutral,4,Buy,5,Strong Buy,5,Strong Buy
1/29/2021,5,Strong Buy,5,Strong Buy,4,Buy,3,Neutral,4,Buy,5,Strong Buy,5,Strong Buy
2/1/2021,5,Strong Buy,5,Strong Buy,4,Buy,3,Neutral,4,Buy,5,Strong Buy,5,Strong Buy
2/2/2021,5,Strong Buy,5,Strong Buy,4,Buy,3,Neutral,4,Buy,5,Strong Buy,5,Strong Buy
2/3/2021,5,Strong Buy,5,Strong Buy,4,Buy,3,Neutral,4,Buy,5,Strong Buy,5,Strong Buy
2/4/2021,5,Strong Buy,5,Strong Buy,4,Buy,3,Neutral,4,Buy,5,Strong Buy,5,Strong Buy
2/5/2021,5,Strong Buy,5,Strong Buy,4,Buy,3,Neutral,4,Buy,5,Strong Buy,5,Strong Buy
2/17/2021,5,Strong Buy,5,Strong Buy,4,Buy,3,Neutral,4,Buy,5,Strong Buy,5,Strong Buy
2/18/2021,5,Strong Buy,5,Strong Buy,4,Buy,3,Neutral,4,Buy,5,Strong Buy,5,Strong Buy
2/19/2021,5,Strong Buy,5,Strong Buy,4,Buy,3,Neutral,4,Buy,5,Strong Buy,5,Strong Buy
2/22/2021,5,Strong Buy,5,Strong Buy,4,Buy,3,Neutral,4,Buy,5,Strong Buy,5,Strong Buy
2/23/2021,5,Strong Buy,5,Strong Buy,4,Buy,3,Neutral,4,Buy,5,Strong Buy,5,Strong Buy
2/24/2021,5,Strong Buy,5,Strong Buy,4,Buy,3,Neutral,4,Buy,5,Strong Buy,5,Strong Buy
2/25/2021,5,Strong Buy,5,Strong Buy,4,Buy,3,Neutral,4,Buy,5,Strong Buy,5,Strong Buy
2/26/2021,5,Strong Buy,5,Strong Buy,4,Buy,3,Neutral,4,Buy,5,Strong Buy,5,Strong Buy
3/1/2021,5,Strong Buy,5,Strong Buy,4,Buy,3,Neutral,4,Buy,5,Strong Buy,5,Strong Buy
3/2/2021,5,Strong Buy,5,Strong Buy,4,Buy,3,Neutral,4,Buy,5,Strong Buy,5,Strong Buy
3/3/2021,5,Strong Buy,5,Strong Buy,4,Buy,3,Neutral,4,Buy,5,Strong Buy,5,Strong Buy
3/4/2021,5,Strong Buy,5,Strong Buy,4,Buy,3,Neutral,4,Buy,5,Strong Buy,5,Strong Buy
3/5/2021,5,Strong Buy,5,Strong Buy,4,Buy,3,Neutral,4,Buy,5,Strong Buy,5,Strong Buy
3/8/2021,5,Strong Buy,5,Strong Buy,4,Buy,3,Neutral,4,Buy,5,Strong Buy,5,Strong Buy
3/9/2021,5,Strong Buy,5,Strong Buy,4,Buy,3,Neutral,4,Buy,5,Strong Buy,5,Strong Buy
3/10/2021,5,Strong Buy,5,Strong Buy,4,Buy,3,Neutral,4,Buy,5,Strong Buy,5,Strong Buy
3/11/2021,5,Strong Buy,5,Strong Buy,4,Buy,3,Neutral,4,Buy,5,Strong Buy,5,Strong Buy
3/12/2021,5,Strong Buy,5,Strong Buy,4,Buy,3,Neutral,4,Buy,5,Strong Buy,5,Strong Buy
3/15/2021,5,Strong Buy,5,Strong Buy,4,Buy,3,Neutral,4,Buy,5,Strong Buy,5,Strong Buy
3/16/2021,5,Strong Buy,5,Strong Buy,4,Buy,3,Neutral,4,Buy,5,Strong Buy,5,Strong Buy
3/17/2021,5,Strong Buy,5,Strong Buy,4,Buy,3,Neutral,4,Buy,5,Strong Buy,5,Strong Buy
3/18/2021,5,Strong Buy,5,Strong Buy,4,Buy,3,Neutral,4,Buy,5,Strong Buy,5,Strong Buy
3/19/2021,5,Strong Buy,5,Strong Buy,4,Buy,3,Neutral,4,Buy,5,Strong Buy,5,Strong Buy
3/22/2021,5,Strong Buy,5,Strong Buy,4,Buy,3,Neutral,4,Buy,5,Strong Buy,5,Strong Buy
3/23/2021,5,Strong Buy,5,Strong Buy,4,Buy,3,Neutral,4,Buy,5,Strong Buy,5,Strong Buy
3/24/2021,5,Strong Buy,5,Strong Buy,4,Buy,3,Neutral,4,Buy,5,Strong Buy,5,Strong Buy
3/25/2021,5,Strong Buy,5,Strong Buy,4,Buy,3,Neutral,4,Buy,5,Strong Buy,5,Strong Buy
3/26/2021,5,Strong Buy,5,Strong Buy,4,Buy,3,Neutral,4,Buy,5,Strong Buy,5,Strong Buy
3/29/2021,5,Strong Buy,5,Strong Buy,4,Buy,3,Neutral,4,Buy,5,Strong Buy,5,Strong Buy
3/30/2021,5,Strong Buy,5,Strong Buy,4,Buy,3,Neutral,4,Buy,5,Strong Buy,5,Strong Buy
3/31/2021,5,Strong Buy,5,Strong Buy,4,Buy,3,Neutral,4,Buy,5,Strong Buy,5,Strong Buy
4/1/2021,5,Strong Buy,5,Strong Buy,4,Buy,3,Neutral,4,Buy,5,Strong Buy,5,Strong Buy
4/5/2021,5,Strong Buy,5,Strong Buy,4,Buy,3,Neutral,4,Buy,5,Strong Buy,5,Strong Buy
4/6/2021,5,Strong Buy,5,Strong Buy,4,Buy,3,Neutral,4,Buy,5,Strong Buy,5,Strong Buy
4/7/2021,5,Strong Buy,5,Strong Buy,4,Buy,3,Neutral,4,Buy,5,Strong Buy,5,Strong Buy
4/8/2021,5,Strong Buy,5,Strong Buy,4,Buy,3,Neutral,4,Buy,5,Strong Buy,5,Strong Buy
4/9/2021,5,Strong Buy,5,Strong Buy,4,Buy,3,Neutral,4,Buy,5,Strong Buy,5,Strong Buy
4/12/2021,5,Strong Buy,5,Strong Buy,4,Buy,3,Neutral,4,Buy,5,Strong Buy,5,Strong Buy
4/13/2021,5,Strong Buy,5,Strong Buy,4,Buy,3,Neutral,4,Buy,5,Strong Buy,5,Strong Buy
4/14/2021,5,Strong Buy,5,Strong Buy,4,Buy,3,Neutral,4,Buy,5,Strong Buy,5,Strong Buy
4/15/2021,5,Strong Buy,5,Strong Buy,4,Buy,3,Neutral,4,Buy,5,Strong Buy,5,Strong Buy
4/16/2021,5,Strong Buy,5,Strong Buy,4,Buy,3,Neutral,4,Buy,5,Strong Buy,5,Strong Buy
4/19/2021,5,Strong Buy,5,Strong Buy,4,Buy,3,Neutral,4,Buy,5,Strong Buy,5,Strong Buy
4/20/2021,5,Strong Buy,5,Strong Buy,4,Buy,3,Neutral,4,Buy,5,Strong Buy,5,Strong Buy
4/21/2021,5,Strong Buy,5,Strong Buy,4,Buy,3,Neutral,4,Buy,5,Strong Buy,5,Strong Buy
4/22/2021,5,Strong Buy,5,Strong Buy,4,Buy,3,Neutral,4,Buy,5,Strong Buy,5,Strong Buy
4/23/2021,5,Strong Buy,5,Strong Buy,4,Buy,3,Neutral,4,Buy,5,Strong Buy,5,Strong Buy
4/26/2021,5,Strong Buy,5,Strong Buy,4,Buy,3,Neutral,4,Buy,5,Strong Buy,5,Strong Buy
4/27/2021,5,Strong Buy,5,Strong Buy,4,Buy,3,Neutral,4,Buy,5,Strong Buy,5,Strong Buy
4/28/2021,5,Strong Buy,5,Strong Buy,4,Buy,3,Neutral,4,Buy,5,Strong Buy,5,Strong Buy
4/29/2021,5,Strong Buy,5,Strong Buy,4,Buy,3,Neutral,4,Buy,5,Strong Buy,5,Strong Buy
4/30/2021,5,Strong Buy,5,Strong Buy,4,Buy,3,Neutral,4,Buy,5,Strong Buy,5,Strong Buy
5/3/2021,5,Strong Buy,5,Strong Buy,4,Buy,3,Neutral,4,Buy,5,Strong Buy,5,Strong Buy
5/4/2021,5,Strong Buy,5,Strong Buy,4,Buy,3,Neutral,4,Buy,5,Strong Buy,5,Strong Buy
5/5/2021,5,Strong Buy,5,Strong Buy,4,Buy,3,Neutral,4,Buy,5,Strong Buy,5,Strong Buy
5/6/2021,5,Strong Buy,5,Strong Buy,4,Buy,3,Neutral,4,Buy,5,Strong Buy,5,Strong Buy
5/7/2021,5,Strong Buy,5,Strong Buy,4,Buy,3,Neutral,4,Buy,5,Strong Buy,5,Strong Buy
5/10/2021,5,Strong Buy,5,Strong Buy,4,Buy,3,Neutral,4,Buy,5,Strong Buy,5,Strong Buy
5/11/2021,5,Strong Buy,5,Strong Buy,4,Buy,3,Neutral,4,Buy,5,Strong Buy,5,Strong Buy
5/12/2021,5,Strong Buy,5,Strong Buy,4,Buy,3,Neutral,4,Buy,5,Strong Buy,5,Strong Buy
5/13/2021,5,Strong Buy,5,Strong Buy,4,Buy,3,Neutral,4,Buy,5,Strong Buy,5,Strong Buy
5/14/2021,5,Strong Buy,5,Strong Buy,4,Buy,3,Neutral,4,Buy,5,Strong Buy,5,Strong Buy
5/17/2021,5,Strong Buy,5,Strong Buy,4,Buy,3,Neutral,4,Buy,5,Strong Buy,5,Strong Buy
5/18/2021,5,Strong Buy,5,Strong Buy,4,Buy,3,Neutral,4,Buy,5,Strong Buy,5,Strong Buy
5/19/2021,5,Strong Buy,5,Strong Buy,4,Buy,3,Neutral,4,Buy,5,Strong Buy,5,Strong Buy
5/20/2021,5,Strong Buy,5,Strong Buy,4,Buy,3,Neutral,4,Buy,5,Strong Buy,5,Strong Buy
5/21/2021,5,Strong Buy,5,Strong Buy,4,Buy,3,Neutral,4,Buy,5,Strong Buy,5,Strong Buy
5/24/2021,5,Strong Buy,5,Strong Buy,4,Buy,3,Neutral,4,Buy,5,Strong Buy,5,Strong Buy
5/25/2021,5,Strong Buy,5,Strong Buy,4,Buy,3,Neutral,4,Buy,5,Strong Buy,5,Strong Buy
5/26/2021,5,Strong Buy,5,Strong Buy,4,Buy,3,Neutral,4,Buy,5,Strong Buy,5,Strong Buy
5/27/2021,5,Strong Buy,5,Strong Buy,4,Buy,3,Neutral,4,Buy,5,Strong Buy,5,Strong Buy
5/28/2021,5,Strong Buy,5,Strong Buy,4,Buy,3,Neutral,4,Buy,5,Strong Buy,5,Strong Buy
6/1/2021,5,Strong Buy,5,Strong Buy,4,Buy,3,Neutral,4,Buy,5,Strong Buy,5,Strong Buy
6/2/2021,5,Strong Buy,5,Strong Buy,4,Buy,3,Neutral,4,Buy,5,Strong Buy,5,Strong Buy
6/3/2021,5,Strong Buy,5,Strong Buy,4,Buy,3,Neutral,4,Buy,5,Strong Buy,5,Strong Buy
6/4/2021,5,Strong Buy,5,Strong Buy,4,Buy,3,Neutral,4,Buy,5,Strong Buy,5,Strong Buy
6/7/2021,5,Strong Buy,5,Strong Buy,4,Buy,3,Neutral,4,Buy,5,Strong Buy,5,Strong Buy
6/8/2021,5,Strong Buy,5,Strong Buy,4,Buy,3,Neutral,4,Buy,5,Strong Buy,5,Strong Buy
6/9/2021,5,Strong Buy,5,Strong Buy,4,Buy,3,Neutral,4,Buy,5,Strong Buy,5,Strong Buy
6/10/2021,5,Strong Buy,5,Strong Buy,4,Buy,3,Neutral,4,Buy,5,Strong Buy,5,Strong Buy
6/11/2021,5,Strong Buy,5,Strong Buy,4,Buy,3,Neutral,4,Buy,5,Strong Buy,5,Strong Buy
6/14/2021,5,Strong Buy,5,Strong Buy,4,Buy,3,Neutral,4,Buy,5,Strong Buy,5,Strong Buy
6/15/2021,5,Strong Buy,5,Strong Buy,4,Buy,3,Neutral,4,Buy,5,Strong Buy,5,Strong Buy
6/16/2021,5,Strong Buy,5,Strong Buy,4,Buy,3,Neutral,4,Buy,5,Strong Buy,5,Strong Buy
6/17/2021,5,Strong Buy,5,Strong Buy,4,Buy,3,Neutral,4,Buy,5,Strong Buy,5,Strong Buy
6/18/2021,5,Strong Buy,5,Strong Buy,4,Buy,3,Neutral,4,Buy,5,Strong Buy,5,Strong Buy
6/21/2021,5,Strong Buy,5,Strong Buy,4,Buy,3,Neutral,4,Buy,5,Strong Buy,5,Strong Buy
6/22/2021,5,Strong Buy,5,Strong Buy,4,Buy,3,Neutral,4,Buy,5,Strong Buy,5,Strong Buy
6/23/2021,5,Strong Buy,5,Strong Buy,4,Buy,3,Neutral,4,Buy,5,Strong Buy,5,Strong Buy
6/24/2021,5,Strong Buy,5,Strong Buy,4,Buy,3,Neutral,4,Buy,5,Strong Buy,5,Strong Buy
6/25/2021,5,Strong Buy,5,Strong Buy,4,Buy,3,Neutral,4,Buy,5,Strong Buy,5,Strong Buy
6/28/2021,5,Strong Buy,5,Strong Buy,4,Buy,3,Neutral,4,Buy,5,Strong Buy,5,Strong Buy
6/29/2021,5,Strong Buy,5,Strong Buy,4,Buy,3,Neutral,4,Buy,5,Strong Buy,5,Strong Buy
6/30/2021,5,Strong Buy,5,Strong Buy,4,Buy,3,Neutral,4,Buy,5,Strong Buy,5,Strong Buy
7/1/2021,5,Strong Buy,5,Strong Buy,4,Buy,3,Neutral,4,Buy,5,Strong Buy,5,Strong Buy
7/2/2021,5,Strong Buy,5,Strong Buy,4,Buy,3,Neutral,4,Buy,5,Strong Buy,5,Strong Buy
7/6/2021,5,Strong Buy,5,Strong Buy,4,Buy,3,Neutral,4,Buy,5,Strong Buy,5,Strong Buy
7/7/2021,5,Strong Buy,5,Strong Buy,4,Buy,3,Neutral,4,Buy,5,Strong Buy,5,Strong Buy
7/8/2021,5,Strong Buy,5,Strong Buy,4,Buy,3,Neutral,4,Buy,5,Strong Buy,5,Strong Buy
7/9/2021,5,Strong Buy,5,Strong Buy,4,Buy,3,Neutral,4,Buy,5,Strong Buy,5,Strong Buy
7/12/2021,5,Strong Buy,5,Strong Buy,4,Buy,3,Neutral,4,Buy,5,Strong Buy,5,Strong Buy
7/13/2021,5,Strong Buy,5,Strong Buy,4,Buy,3,Neutral,4,Buy,5,Strong Buy,5,Strong Buy
7/14/2021,5,Strong Buy,5,Strong Buy,4,Buy,3,Neutral,4,Buy,5,Strong Buy,5,Strong Buy
7/15/2021,5,Strong Buy,5,Strong Buy,4,Buy,3,Neutral,4,Buy,5,Strong Buy,5,Strong Buy
7/16/2021,5,Strong Buy,5,Strong Buy,4,Buy,3,Neutral,4,Buy,5,Strong Buy,5,Strong Buy
7/19/2021,5,Strong Buy,5,Strong Buy,4,Buy,3,Neutral,4,Buy,5,Strong Buy,5,Strong Buy
7/20/2021,5,Strong Buy,5,Strong Buy,4,Buy,3,Neutral,4,Buy,5,Strong Buy,5,Strong Buy
7/21/2021,5,Strong Buy,5,Strong Buy,4,Buy,3,Neutral,4,Buy,5,Strong Buy,5,Strong Buy
7/22/2021,5,Strong Buy,5,Strong Buy,4,Buy,3,Neutral,4,Buy,5,Strong Buy,5,Strong Buy
7/23/2021,5,Strong Buy,5,Strong Buy,4,Buy,3,Neutral,4,Buy,5,Strong Buy,5,Strong Buy
7/26/2021,5,Strong Buy,5,Strong Buy,4,Buy,3,Neutral,4,Buy,5,Strong Buy,5,Strong Buy
7/27/2021,5,Strong Buy,5,Strong Buy,4,Buy,3,Neutral,4,Buy,5,Strong Buy,5,Strong Buy
8/3/2021,5,Strong Buy,5,Strong Buy,4,Buy,3,Neutral,4,Buy,5,Strong Buy,5,Strong Buy
8/4/2021,5,Strong Buy,5,Strong Buy,4,Buy,3,Neutral,4,Buy,5,Strong Buy,5,Strong Buy
8/5/2021,5,Strong Buy,5,Strong Buy,4,Buy,3,Neutral,4,Buy,5,Strong Buy,5,Strong Buy
8/6/2021,5,Strong Buy,5,Strong Buy,4,Buy,3,Neutral,4,Buy,5,Strong Buy,5,Strong Buy
8/9/2021,5,Strong Buy,5,Strong Buy,4,Buy,3,Neutral,4,Buy,5,Strong Buy,5,Strong Buy
8/10/2021,5,Strong Buy,5,Strong Buy,4,Buy,3,Neutral,4,Buy,5,Strong Buy,5,Strong Buy
8/11/2021,5,Strong Buy,5,Strong Buy,4,Buy,3,Neutral,4,Buy,5,Strong Buy,5,Strong Buy
8/12/2021,5,Strong Buy,5,Strong Buy,4,Buy,3,Neutral,4,Buy,5,Strong Buy,5,Strong Buy
8/13/2021,5,Strong Buy,5,Strong Buy,4,Buy,3,Neutral,4,Buy,5,Strong Buy,5,Strong Buy
8/16/2021,5,Strong Buy,5,Strong Buy,4,Buy,3,Neutral,4,Buy,5,Strong Buy,5,Strong Buy
8/17/2021,5,Strong Buy,5,Strong Buy,4,Buy,3,Neutral,4,Buy,5,Strong Buy,5,Strong Buy
8/18/2021,5,Strong Buy,5,Strong Buy,4,Buy,3,Neutral,4,Buy,5,Strong Buy,5,Strong Buy
8/19/2021,5,Strong Buy,5,Strong Buy,4,Buy,3,Neutral,4,Buy,5,Strong Buy,5,Strong Buy
8/20/2021,5,Strong Buy,5,Strong Buy,4,Buy,3,Neutral,4,Buy,5,Strong Buy,5,Strong Buy
8/23/2021,5,Strong Buy,5,Strong Buy,4,Buy,3,Neutral,4,Buy,5,Strong Buy,5,Strong Buy
8/24/2021,5,Strong Buy,5,Strong Buy,4,Buy,3,Neutral,4,Buy,5,Strong Buy,5,Strong Buy
8/25/2021,5,Strong Buy,5,Strong Buy,4,Buy,3,Neutral,4,Buy,5,Strong Buy,5,Strong Buy
8/26/2021,5,Strong Buy,5,Strong Buy,4,Buy,3,Neutral,4,Buy,5,Strong Buy,5,Strong Buy
8/27/2021,5,Strong Buy,5,Strong Buy,4,Buy,3,Neutral,4,Buy,5,Strong Buy,5,Strong Buy
8/30/2021,5,Strong Buy,5,Strong Buy,4,Buy,3,Neutral,4,Buy,5,Strong Buy,5,Strong Buy
8/31/2021,5,Strong Buy,5,Strong Buy,4,Buy,3,Neutral,4,Buy,5,Strong Buy,5,Strong Buy
9/1/2021,5,Strong Buy,5,Strong Buy,4,Buy,3,Neutral,4,Buy,5,Strong Buy,5,Strong Buy
9/2/2021,5,Strong Buy,5,Strong Buy,4,Buy,3,Neutral,4,Buy,5,Strong Buy,5,Strong Buy
9/3/2021,5,Strong Buy,5,Strong Buy,4,Buy,3,Neutral,4,Buy,5,Strong Buy,5,Strong Buy
9/7/2021,5,Strong Buy,5,Strong Buy,4,Buy,3,Neutral,4,Buy,5,Strong Buy,5,Strong Buy
9/8/2021,5,Strong Buy,5,Strong Buy,4,Buy,3,Neutral,4,Buy,5,Strong Buy,5,Strong Buy
9/9/2021,5,Strong Buy,5,Strong Buy,4,Buy,3,Neutral,4,Buy,5,Strong Buy,5,Strong Buy
9/10/2021,5,Strong Buy,5,Strong Buy,4,Buy,3,Neutral,4,Buy,5,Strong Buy,5,Strong Buy
9/13/2021,5,Strong Buy,5,Strong Buy,4,Buy,3,Neutral,4,Buy,5,Strong Buy,5,Strong Buy
9/14/2021,5,Strong Buy,5,Strong Buy,4,Buy,3,Neutral,4,Buy,5,Strong Buy,5,Strong Buy
9/15/2021,5,Strong Buy,5,Strong Buy,4,Buy,3,Neutral,4,Buy,5,Strong Buy,5,Strong Buy
9/16/2021,5,Strong Buy,5,Strong Buy,4,Buy,3,Neutral,4,Buy,5,Strong Buy,5,Strong Buy
9/17/2021,5,Strong Buy,5,Strong Buy,4,Buy,3,Neutral,4,Buy,5,Strong Buy,5,Strong Buy
9/20/2021,5,Strong Buy,5,Strong Buy,4,Buy,3,Neutral,4,Buy,5,Strong Buy,5,Strong Buy
9/21/2021,5,Strong Buy,5,Strong Buy,4,Buy,3,Neutral,4,Buy,5,Strong Buy,5,Strong Buy
9/22/2021,5,Strong Buy,5,Strong Buy,4,Buy,3,Neutral,4,Buy,5,Strong Buy,5,Strong Buy
9/23/2021,5,Strong Buy,5,Strong Buy,4,Buy,3,Neutral,4,Buy,5,Strong Buy,5,Strong Buy
9/24/2021,5,Strong Buy,5,Strong Buy,4,Buy,3,Neutral,4,Buy,5,Strong Buy,5,Strong Buy
9/27/2021,5,Strong Buy,5,Strong Buy,4,Buy,3,Neutral,4,Buy,5,Strong Buy,5,Strong Buy
9/28/2021,5,Strong Buy,5,Strong Buy,4,Buy,3,Neutral,4,Buy,5,Strong Buy,5,Strong Buy
9/29/2021,5,Strong Buy,5,Strong Buy,4,Buy,3,Neutral,4,Buy,5,Strong Buy,5,Strong Buy
9/30/2021,5,Strong Buy,5,Strong Buy,4,Buy,3,Neutral,4,Buy,5,Strong Buy,5,Strong Buy
10/1/2021,5,Strong Buy,5,Strong Buy,4,Buy,3,Neutral,4,Buy,5,Strong Buy,5,Strong Buy
10/4/2021,5,Strong Buy,5,Strong Buy,4,Buy,3,Neutral,4,Buy,5,Strong Buy,5,Strong Buy
10/5/2021,5,Strong Buy,5,Strong Buy,4,Buy,3,Neutral,4,Buy,5,Strong Buy,5,Strong Buy
10/6/2021,5,Strong Buy,5,Strong Buy,4,Buy,3,Neutral,4,Buy,5,Strong Buy,5,Strong Buy
10/7/2021,5,Strong Buy,5,Strong Buy,4,Buy,3,Neutral,4,Buy,5,Strong Buy,5,Strong Buy
10/8/2021,5,Strong Buy,5,Strong Buy,4,Buy,3,Neutral,4,Buy,5,Strong Buy,5,Strong Buy
10/11/2021,5,Strong Buy,5,Strong Buy,4,Buy,3,Neutral,4,Buy,5,Strong Buy,5,Strong Buy
10/12/2021,5,Strong Buy,5,Strong Buy,4,Buy,3,Neutral,4,Buy,5,Strong Buy,5,Strong Buy
10/13/2021,5,Strong Buy,5,Strong Buy,4,Buy,3,Neutral,4,Buy,5,Strong Buy,5,Strong Buy
10/14/2021,5,Strong Buy,5,Strong Buy,4,Buy,3,Neutral,4,Buy,5,Strong Buy,5,Strong Buy
10/15/2021,5,Strong Buy,5,Strong Buy,4,Buy,3,Neutral,4,Buy,5,Strong Buy,5,Strong Buy
10/18/2021,5,Strong Buy,5,Strong Buy,4,Buy,3,Neutral,4,Buy,5,Strong Buy,5,Strong Buy
10/19/2021,5,Strong Buy,5,Strong Buy,4,Buy,3,Neutral,4,Buy,5,Strong Buy,5,Strong Buy
10/20/2021,5,Strong Buy,5,Strong Buy,4,Buy,3,Neutral,4,Buy,5,Strong Buy,5,Strong Buy
10/21/2021,5,Strong Buy,5,Strong Buy,4,Buy,3,Neutral,4,Buy,5,Strong Buy,5,Strong Buy
10/22/2021,5,Strong Buy,5,Strong Buy,4,Buy,3,Neutral,4,Buy,5,Strong Buy,5,Strong Buy
10/25/2021,5,Strong Buy,5,Strong Buy,4,Buy,3,Neutral,4,Buy,5,Strong Buy,5,Strong Buy
10/26/2021,5,Strong Buy,5,Strong Buy,4,Buy,3,Neutral,4,Buy,5,Strong Buy,5,Strong Buy
10/27/2021,5,Strong Buy,5,Strong Buy,4,Buy,3,Neutral,4,Buy,5,Strong Buy,5,Strong Buy
10/28/2021,5,Strong Buy,5,Strong Buy,4,Buy,3,Neutral,4,Buy,5,Strong Buy,5,Strong Buy
10/29/2021,5,Strong Buy,5,Strong Buy,4,Buy,3,Neutral,4,Buy,5,Strong Buy,5,Strong Buy
11/1/2021,5,Strong Buy,5,Strong Buy,4,Buy,3,Neutral,4,Buy,5,Strong Buy,5,Strong Buy
11/2/2021,5,Strong Buy,5,Strong Buy,4,Buy,3,Neutral,4,Buy,5,Strong Buy,5,Strong Buy
11/3/2021,5,Strong Buy,5,Strong Buy,4,Buy,3,Neutral,4,Buy,5,Strong Buy,5,Strong Buy
11/4/2021,5,Strong Buy,5,Strong Buy,4,Buy,3,Neutral,4,Buy,5,Strong Buy,5,Strong Buy
11/5/2021,5,Strong Buy,5,Strong Buy,4,Buy,3,Neutral,4,Buy,5,Strong Buy,5,Strong Buy
11/8/2021,5,Strong Buy,5,Strong Buy,4,Buy,3,Neutral,4,Buy,5,Strong Buy,5,Strong Buy
11/9/2021,5,Strong Buy,5,Strong Buy,4,Buy,3,Neutral,4,Buy,5,Strong Buy,5,Strong Buy
11/10/2021,5,Strong Buy,5,Strong Buy,4,Buy,3,Neutral,4,Buy,5,Strong Buy,5,Strong Buy
11/11/2021,5,Strong Buy,5,Strong Buy,4,Buy,3,Neutral,4,Buy,5,Strong Buy,5,Strong Buy
11/12/2021,5,Strong Buy,5,Strong Buy,4,Buy,3,Neutral,4,Buy,5,Strong Buy,5,Strong Buy
11/15/2021,5,Strong Buy,5,Strong Buy,4,Buy,3,Neutral,4,Buy,5,Strong Buy,5,Strong Buy
11/16/2021,5,Strong Buy,5,Strong Buy,4,Buy,3,Neutral,4,Buy,5,Strong Buy,5,Strong Buy
11/17/2021,5,Strong Buy,5,Strong Buy,4,Buy,3,Neutral,4,Buy,5,Strong Buy,5,Strong Buy
11/18/2021,5,Strong Buy,5,Strong Buy,4,Buy,3,Neutral,4,Buy,5,Strong Buy,5,Strong Buy
11/19/2021,5,Strong Buy,5,Strong Buy,4,Buy,3,Neutral,4,Buy,5,Strong Buy,5,Strong Buy
11/22/2021,5,Strong Buy,5,Strong Buy,4,Buy,3,Neutral,4,Buy,5,Strong Buy,5,Strong Buy
11/23/2021,5,Strong Buy,5,Strong Buy,4,Buy,3,Neutral,4,Buy,5,Strong Buy,5,Strong Buy
11/24/2021,5,Strong Buy,5,Strong Buy,4,Buy,3,Neutral,4,Buy,5,Strong Buy,5,Strong Buy
11/26/2021,5,Strong Buy,5,Strong Buy,4,Buy,3,Neutral,4,Buy,5,Strong Buy,5,Strong Buy
11/29/2021,5,Strong Buy,5,Strong Buy,4,Buy,3,Neutral,4,Buy,5,Strong Buy,5,Strong Buy
11/30/2021,5,Strong Buy,5,Strong Buy,4,Buy,3,Neutral,4,Buy,5,Strong Buy,5,Strong Buy
12/1/2021,5,Strong Buy,5,Strong Buy,4,Buy,3,Neutral,4,Buy,5,Strong Buy,5,Strong Buy
12/3/2021,5,Strong Buy,5,Strong Buy,4,Buy,3,Neutral,4,Buy,5,Strong Buy,5,Strong Buy
12/6/2021,5,Strong Buy,5,Strong Buy,4,Buy,3,Neutral,4,Buy,5,Strong Buy,5,Strong Buy
12/7/2021,5,Strong Buy,5,Strong Buy,4,Buy,3,Neutral,4,Buy,5,Strong Buy,5,Strong Buy
12/8/2021,5,Strong Buy,5,Strong Buy,4,Buy,3,Neutral,4,Buy,5,Strong Buy,5,Strong Buy
12/9/2021,5,Strong Buy,5,Strong Buy,4,Buy,3,Neutral,4,Buy,5,Strong Buy,5,Strong Buy
12/10/2021,5,Strong Buy,5,Strong Buy,4,Buy,3,Neutral,4,Buy,5,Strong Buy,5,Strong Buy
12/13/2021,5,Strong Buy,5,Strong Buy,4,Buy,3,Neutral,4,Buy,5,Strong Buy,5,Strong Buy
12/14/2021,5,Strong Buy,5,Strong Buy,4,Buy,3,Neutral,4,Buy,5,Strong Buy,5,Strong Buy
12/15/2021,5,Strong Buy,5,Strong Buy,4,Buy,3,Neutral,4,Buy,5,Strong Buy,5,Strong Buy
12/16/2021,5,Strong Buy,5,Strong Buy,4,Buy,3,Neutral,4,Buy,5,Strong Buy,5,Strong Buy
12/17/2021,5,Strong Buy,5,Strong Buy,4,Buy,3,Neutral,4,Buy,5,Strong Buy,5,Strong Buy
12/20/2021,5,Strong Buy,5,Strong Buy,4,Buy,3,Neutral,4,Buy,5,Strong Buy,5,Strong Buy
12/22/2021,5,Strong Buy,5,Strong Buy,4,Buy,3,Neutral,4,Buy,5,Strong Buy,5,Strong Buy
12/23/2021,5,Strong Buy,5,Strong Buy,4,Buy,3,Neutral,4,Buy,5,Strong Buy,5,Strong Buy
12/27/2021,5,Strong Buy,5,Strong Buy,4,Buy,3,Neutral,4,Buy,5,Strong Buy,5,Strong Buy
12/28/2021,5,Strong Buy,5,Strong Buy,4,Buy,3,Neutral,4,Buy,5,Strong Buy,5,Strong Buy
12/29/2021,5,Strong Buy,5,Strong Buy,4,Buy,3,Neutral,4,Buy,5,Strong Buy,5,Strong Buy
12/31/2021,5,Strong Buy,5,Strong Buy,4,Buy,3,Neutral,4,Buy,5,Strong Buy,5,Strong Buy
1/3/2022,5,Strong Buy,5,Strong Buy,4,Buy,3,Neutral,4,Buy,5,Strong Buy,5,Strong Buy
1/4/2022,5,Strong Buy,5,Strong Buy,4,Buy,3,Neutral,4,Buy,5,Strong Buy,5,Strong Buy
1/6/2022,5,Strong Buy,5,Strong Buy,4,Buy,3,Neutral,4,Buy,5,Strong Buy,5,Strong Buy
1/7/2022,5,Strong Buy,5,Strong Buy,4,Buy,3,Neutral,4,Buy,5,Strong Buy,5,Strong Buy
1/10/2022,5,Strong Buy,5,Strong Buy,4,Buy,3,Neutral,4,Buy,5,Strong Buy,5,Strong Buy
1/11/2022,5,Strong Buy,5,Strong Buy,4,Buy,3,Neutral,4,Buy,5,Strong Buy,5,Strong Buy
1/14/2022,5,Strong Buy,5,Strong Buy,4,Buy,3,Neutral,4,Buy,5,Strong Buy,5,Strong Buy
1/21/2022,5,Strong Buy,5,Strong Buy,4,Buy,3,Neutral,4,Buy,5,Strong Buy,5,Strong Buy
1/24/2022,5,Strong Buy,5,Strong Buy,4,Buy,3,Neutral,4,Buy,5,Strong Buy,5,Strong Buy
1/25/2022,5,Strong Buy,5,Strong Buy,4,Buy,3,Neutral,4,Buy,5,Strong Buy,5,Strong Buy
1/26/2022,5,Strong Buy,5,Strong Buy,4,Buy,3,Neutral,4,Buy,5,Strong Buy,5,Strong Buy
1/27/2022,5,Strong Buy,5,Strong Buy,4,Buy,3,Neutral,4,Buy,5,Strong Buy,5,Strong Buy
1/28/2022,5,Strong Buy,5,Strong Buy,4,Buy,3,Neutral,4,Buy,5,Strong Buy,5,Strong Buy
1/31/2022,5,Strong Buy,5,Strong Buy,4,Buy,3,Neutral,4,Buy,5,Strong Buy,5,Strong Buy
2/1/2022,5,Strong Buy,5,Strong Buy,4,Buy,3,Neutral,4,Buy,5,Strong Buy,5,Strong Buy
2/2/2022,5,Strong Buy,5,Strong Buy,4,Buy,3,Neutral,4,Buy,5,Strong Buy,5,Strong Buy
2/3/2022,5,Strong Buy,5,Strong Buy,4,Buy,3,Neutral,4,Buy,5,Strong Buy,5,Strong Buy
2/4/2022,5,Strong Buy,5,Strong Buy,4,Buy,3,Neutral,4,Buy,5,Strong Buy,5,Strong Buy
2/5/2022,5,Strong Buy,5,Strong Buy,4,Buy,3,Neutral,4,Buy,5,Strong Buy,5,Strong Buy
2/7/2022,5,Strong Buy,5,Strong Buy,4,Buy,3,Neutral,4,Buy,5,Strong Buy,5,Strong Buy
2/8/2022,5,Strong Buy,5,Strong Buy,4,Buy,3,Neutral,4,Buy,5,Strong Buy,5,Strong Buy
2/9/2022,5,Strong Buy,5,Strong Buy,4,Buy,3,Neutral,4,Buy,5,Strong Buy,5,Strong Buy
2/10/2022,5,Strong Buy,5,Strong Buy,4,Buy,3,Neutral,4,Buy,5,Strong Buy,5,Strong Buy
2/11/2022,5,Strong Buy,5,Strong Buy,4,Buy,3,Neutral,4,Buy,5,Strong Buy,5,Strong Buy
2/14/2022,5,Strong Buy,5,Strong Buy,4,Buy,3,Neutral,4,Buy,5,Strong Buy,5,Strong Buy
2/15/2022,5,Strong Buy,5,Strong Buy,4,Buy,3,Neutral,4,Buy,5,Strong Buy,5,Strong Buy
2/16/2022,5,Strong Buy,5,Strong Buy,4,Buy,3,Neutral,4,Buy,5,Strong Buy,5,Strong Buy
2/17/2022,5,Strong Buy,5,Strong Buy,4,Buy,3,Neutral,4,Buy,5,Strong Buy,5,Strong Buy
2/18/2022,5,Strong Buy,5,Strong Buy,4,Buy,3,Neutral,4,Buy,5,Strong Buy,5,Strong Buy
2/22/2022,5,Strong Buy,5,Strong Buy,4,Buy,3,Neutral,4,Buy,5,Strong Buy,5,Strong Buy
2/23/2022,5,Strong Buy,5,Strong Buy,4,Buy,3,Neutral,4,Buy,5,Strong Buy,5,Strong Buy
2/24/2022,5,Strong Buy,5,Strong Buy,4,Buy,3,Neutral,4,Buy,5,Strong Buy,5,Strong Buy
2/25/2022,5,Strong Buy,5,Strong Buy,4,Buy,3,Neutral,4,Buy,5,Strong Buy,5,Strong Buy
2/28/2022,5,Strong Buy,5,Strong Buy,4,Buy,3,Neutral,4,Buy,5,Strong Buy,5,Strong Buy
3/1/2022,5,Strong Buy,5,Strong Buy,4,Buy,3,Neutral,4,Buy,5,Strong Buy,5,Strong Buy
3/2/2022,5,Strong Buy,5,Strong Buy,4,Buy,3,Neutral,4,Buy,5,Strong Buy,5,Strong Buy
3/3/2022,5,Strong Buy,5,Strong Buy,4,Buy,3,Neutral,4,Buy,5,Strong Buy,5,Strong Buy
3/4/2022,5,Strong Buy,5,Strong Buy,4,Buy,3,Neutral,4,Buy,5,Strong Buy,5,Strong Buy
3/7/2022,5,Strong Buy,5,Strong Buy,4,Buy,3,Neutral,4,Buy,5,Strong Buy,5,Strong Buy
3/8/2022,5,Strong Buy,5,Strong Buy,4,Buy,3,Neutral,4,Buy,5,Strong Buy,5,Strong Buy
3/9/2022,5,Strong Buy,5,Strong Buy,4,Buy,3,Neutral,4,Buy,5,Strong Buy,5,Strong Buy
3/10/2022,5,Strong Buy,5,Strong Buy,4,Buy,3,Neutral,4,Buy,5,Strong Buy,5,Strong Buy
3/11/2022,5,Strong Buy,5,Strong Buy,4,Buy,3,Neutral,4,Buy,5,Strong Buy,5,Strong Buy
3/14/2022,5,Strong Buy,5,Strong Buy,4,Buy,3,Neutral,4,Buy,5,Strong Buy,5,Strong Buy
3/15/2022,5,Strong Buy,5,Strong Buy,4,Buy,3,Neutral,4,Buy,5,Strong Buy,5,Strong Buy
3/16/2022,5,Strong Buy,5,Strong Buy,4,Buy,3,Neutral,4,Buy,5,Strong Buy,5,Strong Buy
3/17/2022,5,Strong Buy,5,Strong Buy,4,Buy,3,Neutral,4,Buy,5,Strong Buy,5,Strong Buy
3/18/2022,5,Strong Buy,5,Strong Buy,4,Buy,3,Neutral,4,Buy,5,Strong Buy,5,Strong Buy
3/21/2022,5,Strong Buy,5,Strong Buy,4,Buy,3,Neutral,4,Buy,5,Strong Buy,5,Strong Buy
3/22/2022,5,Strong Buy,5,Strong Buy,4,Buy,3,Neutral,4,Buy,5,Strong Buy,5,Strong Buy
3/23/2022,5,Strong Buy,5,Strong Buy,4,Buy,3,Neutral,4,Buy,5,Strong Buy,5,Strong Buy
3/24/2022,5,Strong Buy,5,Strong Buy,4,Buy,3,Neutral,4,Buy,5,Strong Buy,5,Strong Buy
3/25/2022,5,Strong Buy,5,Strong Buy,4,Buy,3,Neutral,4,Buy,5,Strong Buy,5,Strong Buy
3/28/2022,5,Strong Buy,5,Strong Buy,4,Buy,3,Neutral,4,Buy,5,Strong Buy,5,Strong Buy
3/29/2022,5,Strong Buy,5,Strong Buy,4,Buy,3,Neutral,4,Buy,5,Strong Buy,5,Strong Buy
3/30/2022,5,Strong Buy,5,Strong Buy,4,Buy,3,Neutral,4,Buy,5,Strong Buy,5,Strong Buy
3/31/2022,5,Strong Buy,5,Strong Buy,4,Buy,3,Neutral,4,Buy,5,Strong Buy,5,Strong Buy
4/1/2022,5,Strong Buy,5,Strong Buy,4,Buy,3,Neutral,4,Buy,5,Strong Buy,5,Strong Buy
4/4/2022,5,Strong Buy,5,Strong Buy,4,Buy,3,Neutral,4,Buy,5,Strong Buy,5,Strong Buy
4/5/2022,5,Strong Buy,5,Strong Buy,4,Buy,3,Neutral,4,Buy,5,Strong Buy,5,Strong Buy
4/6/2022,5,Strong Buy,5,Strong Buy,4,Buy,3,Neutral,4,Buy,5,Strong Buy,5,Strong Buy
4/7/2022,5,Strong Buy,5,Strong Buy,4,Buy,3,Neutral,4,Buy,5,Strong Buy,5,Strong Buy
4/8/2022,5,Strong Buy,5,Strong Buy,4,Buy,3,Neutral,4,Buy,5,Strong Buy,5,Strong Buy
4/11/2022,5,Strong Buy,5,Strong Buy,4,Buy,3,Neutral,4,Buy,5,Strong Buy,5,Strong Buy
4/12/2022,5,Strong Buy,5,Strong Buy,4,Buy,3,Neutral,4,Buy,5,Strong Buy,5,Strong Buy
4/13/2022,5,Strong Buy,5,Strong Buy,4,Buy,3,Neutral,4,Buy,5,Strong Buy,5,Strong Buy
4/14/2022,5,Strong Buy,5,Strong Buy,4,Buy,3,Neutral,4,Buy,5,Strong Buy,5,Strong Buy
4/15/2022,5,Strong Buy,5,Strong Buy,4,Buy,3,Neutral,4,Buy,5,Strong Buy,5,Strong Buy
4/18/2022,5,Strong Buy,5,Strong Buy,4,Buy,3,Neutral,4,Buy,5,Strong Buy,5,Strong Buy
4/19/2022,5,Strong Buy,5,Strong Buy,4,Buy,3,Neutral,4,Buy,5,Strong Buy,5,Strong Buy
4/20/2022,5,Strong Buy,5,Strong Buy,4,Buy,3,Neutral,4,Buy,5,Strong Buy,5,Strong Buy
4/21/2022,5,Strong Buy,5,Strong Buy,4,Buy,3,Neutral,4,Buy,5,Strong Buy,5,Strong Buy
4/22/2022,5,Strong Buy,5,Strong Buy,4,Buy,3,Neutral,4,Buy,5,Strong Buy,5,Strong Buy
4/25/2022,5,Strong Buy,5,Strong Buy,4,Buy,3,Neutral,4,Buy,5,Strong Buy,5,Strong Buy
4/26/2022,5,Strong Buy,5,Strong Buy,4,Buy,3,Neutral,4,Buy,5,Strong Buy,5,Strong Buy
4/27/2022,5,Strong Buy,5,Strong Buy,4,Buy,3,Neutral,4,Buy,5,Strong Buy,5,Strong Buy
4/28/2022,5,Strong Buy,5,Strong Buy,4,Buy,3,Neutral,4,Buy,5,Strong Buy,5,Strong Buy
4/29/2022,5,Strong Buy,5,Strong Buy,4,Buy,3,Neutral,4,Buy,5,Strong Buy,5,Strong Buy
5/3/2022,5,Strong Buy,5,Strong Buy,4,Buy,3,Neutral,4,Buy,5,Strong Buy,5,Strong Buy
5/4/2022,5,Strong Buy,5,Strong Buy,4,Buy,3,Neutral,4,Buy,5,Strong Buy,5,Strong Buy
5/5/2022,5,Strong Buy,5,Strong Buy,4,Buy,3,Neutral,4,Buy,5,Strong Buy,5,Strong Buy
5/6/2022,5,Strong Buy,5,Strong Buy,4,Buy,3,Neutral,4,Buy,5,Strong Buy,5,Strong Buy
5/9/2022,5,Strong Buy,5,Strong Buy,4,Buy,3,Neutral,4,Buy,5,Strong Buy,5,Strong Buy
5/10/2022,5,Strong Buy,5,Strong Buy,4,Buy,3,Neutral,4,Buy,5,Strong Buy,5,Strong Buy
5/11/2022,5,Strong Buy,5,Strong Buy,4,Buy,3,Neutral,4,Buy,5,Strong Buy,5,Strong Buy
5/12/2022,5,Strong Buy,5,Strong Buy,4,Buy,3,Neutral,4,Buy,5,Strong Buy,5,Strong Buy
5/13/2022,5,Strong Buy,5,Strong Buy,4,Buy,3,Neutral,4,Buy,5,Strong Buy,5,Strong Buy
5/16/2022,5,Strong Buy,5,Strong Buy,4,Buy,3,Neutral,4,Buy,5,Strong Buy,5,Strong Buy
5/17/2022,5,Strong Buy,5,Strong Buy,4,Buy,3,Neutral,4,Buy,5,Strong Buy,5,Strong Buy
5/18/2022,5,Strong Buy,5,Strong Buy,4,Buy,3,Neutral,4,Buy,5,Strong Buy,5,Strong Buy
5/19/2022,5,Strong Buy,5,Strong Buy,4,Buy,3,Neutral,4,Buy,5,Strong Buy,5,Strong Buy
5/20/2022,5,Strong Buy,5,Strong Buy,4,Buy,3,Neutral,4,Buy,5,Strong Buy,5,Strong Buy
5/23/2022,5,Strong Buy,5,Strong Buy,4,Buy,3,Neutral,4,Buy,5,Strong Buy,5,Strong Buy
5/24/2022,5,Strong Buy,5,Strong Buy,4,Buy,3,Neutral,4,Buy,5,Strong Buy,5,Strong Buy
5/25/2022,5,Strong Buy,5,Strong Buy,4,Buy,3,Neutral,4,Buy,5,Strong Buy,5,Strong Buy
5/26/2022,5,Strong Buy,5,Strong Buy,4,Buy,3,Neutral,4,Buy,5,Strong Buy,5,Strong Buy
5/27/2022,5,Strong Buy,5,Strong Buy,4,Buy,3,Neutral,4,Buy,5,Strong Buy,5,Strong Buy
5/31/2022,5,Strong Buy,5,Strong Buy,4,Buy,3,Neutral,4,Buy,5,Strong Buy,5,Strong Buy
6/1/2022,5,Strong Buy,5,Strong Buy,4,Buy,3,Neutral,4,Buy,5,Strong Buy,5,Strong Buy
6/2/2022,5,Strong Buy,5,Strong Buy,4,Buy,3,Neutral,4,Buy,5,Strong Buy,5,Strong Buy
6/3/2022,5,Strong Buy,5,Strong Buy,4,Buy,3,Neutral,4,Buy,5,Strong Buy,5,Strong Buy
6/6/2022,5,Strong Buy,5,Strong Buy,4,Buy,3,Neutral,4,Buy,5,Strong Buy,5,Strong Buy
6/7/2022,5,Strong Buy,5,Strong Buy,4,Buy,3,Neutral,4,Buy,5,Strong Buy,5,Strong Buy
6/8/2022,5,Strong Buy,5,Strong Buy,4,Buy,3,Neutral,4,Buy,5,Strong Buy,5,Strong Buy
6/9/2022,5,Strong Buy,5,Strong Buy,4,Buy,3,Neutral,4,Buy,5,Strong Buy,5,Strong Buy
6/10/2022,5,Strong Buy,5,Strong Buy,4,Buy,3,Neutral,4,Buy,5,Strong Buy,5,Strong Buy
6/13/2022,5,Strong Buy,5,Strong Buy,4,Buy,3,Neutral,4,Buy,5,Strong Buy,5,Strong Buy
6/14/2022,5,Strong Buy,5,Strong Buy,4,Buy,3,Neutral,4,Buy,5,Strong Buy,5,Strong Buy
6/15/2022,5,Strong Buy,5,Strong Buy,4,Buy,3,Neutral,4,Buy,5,Strong Buy,5,Strong Buy
6/16/2022,5,Strong Buy,5,Strong Buy,4,Buy,3,Neutral,4,Buy,5,Strong Buy,5,Strong Buy
6/17/2022,5,Strong Buy,5,Strong Buy,4,Buy,3,Neutral,4,Buy,5,Strong Buy,5,Strong Buy
6/21/2022,5,Strong Buy,5,Strong Buy,4,Buy,3,Neutral,4,Buy,5,Strong Buy,5,Strong Buy
6/22/2022,5,Strong Buy,5,Strong Buy,4,Buy,3,Neutral,4,Buy,5,Strong Buy,5,Strong Buy
6/23/2022,5,Strong Buy,5,Strong Buy,4,Buy,3,Neutral,4,Buy,5,Strong Buy,5,Strong Buy
6/24/2022,5,Strong Buy,5,Strong Buy,4,Buy,3,Neutral,4,Buy,5,Strong Buy,5,Strong Buy
6/27/2022,5,Strong Buy,5,Strong Buy,4,Buy,3,Neutral,4,Buy,5,Strong Buy,5,Strong Buy
6/28/2022,5,Strong Buy,5,Strong Buy,4,Buy,3,Neutral,4,Buy,5,Strong Buy,5,Strong Buy
6/29/2022,5,Strong Buy,5,Strong Buy,4,Buy,3,Neutral,4,Buy,5,Strong Buy,5,Strong Buy
6/30/2022,5,Strong Buy,5,Strong Buy,4,Buy,3,Neutral,4,Buy,5,Strong Buy,5,Strong Buy
7/1/2022,5,Strong Buy,5,Strong Buy,4,Buy,3,Neutral,4,Buy,5,Strong Buy,5,Strong Buy
7/5/2022,5,Strong Buy,5,Strong Buy,4,Buy,3,Neutral,4,Buy,5,Strong Buy,5,Strong Buy
7/6/2022,5,Strong Buy,5,Strong Buy,4,Buy,3,Neutral,4,Buy,5,Strong Buy,5,Strong Buy
7/7/2022,5,Strong Buy,5,Strong Buy,4,Buy,3,Neutral,4,Buy,5,Strong Buy,5,Strong Buy
7/8/2022,5,Strong Buy,5,Strong Buy,4,Buy,3,Neutral,4,Buy,5,Strong Buy,5,Strong Buy
7/11/2022,5,Strong Buy,5,Strong Buy,4,Buy,3,Neutral,4,Buy,5,Strong Buy,5,Strong Buy
7/12/2022,5,Strong Buy,5,Strong Buy,4,Buy,3,Neutral,4,Buy,5,Strong Buy,5,Strong Buy
7/13/2022,5,Strong Buy,5,Strong Buy,4,Buy,3,Neutral,4,Buy,5,Strong Buy,5,Strong Buy
7/14/2022,5,Strong Buy,5,Strong Buy,4,Buy,3,Neutral,4,Buy,5,Strong Buy,5,Strong Buy
7/15/2022,5,Strong Buy,5,Strong Buy,4,Buy,3,Neutral,4,Buy,5,Strong Buy,5,Strong Buy
7/18/2022,5,Strong Buy,5,Strong Buy,4,Buy,3,Neutral,4,Buy,5,Strong Buy,5,Strong Buy
7/19/2022,5,Strong Buy,5,Strong Buy,4,Buy,3,Neutral,4,Buy,5,Strong Buy,5,Strong Buy
7/20/2022,5,Strong Buy,5,Strong Buy,4,Buy,3,Neutral,4,Buy,5,Strong Buy,5,Strong Buy
7/21/2022,5,Strong Buy,5,Strong Buy,4,Buy,3,Neutral,4,Buy,5,Strong Buy,5,Strong Buy
7/22/2022,5,Strong Buy,5,Strong Buy,4,Buy,3,Neutral,4,Buy,5,Strong Buy,5,Strong Buy
7/25/2022,5,Strong Buy,5,Strong Buy,4,Buy,3,Neutral,4,Buy,5,Strong Buy,5,Strong Buy
7/26/2022,5,Strong Buy,5,Strong Buy,4,Buy,3,Neutral,4,Buy,5,Strong Buy,5,Strong Buy
7/27/2022,5,Strong Buy,5,Strong Buy,4,Buy,3,Neutral,4,Buy,5,Strong Buy,5,Strong Buy
7/28/2022,5,Strong Buy,5,Strong Buy,4,Buy,3,Neutral,4,Buy,5,Strong Buy,5,Strong Buy
7/29/2022,5,Strong Buy,5,Strong Buy,4,Buy,3,Neutral,4,Buy,5,Strong Buy,5,Strong Buy
8/1/2022,5,Strong Buy,5,Strong Buy,4,Buy,3,Neutral,4,Buy,5,Strong Buy,5,Strong Buy
8/2/2022,5,Strong Buy,5,Strong Buy,4,Buy,3,Neutral,4,Buy,5,Strong Buy,5,Strong Buy
8/3/2022,5,Strong Buy,5,Strong Buy,4,Buy,3,Neutral,4,Buy,5,Strong Buy,5,Strong Buy
8/4/2022,5,Strong Buy,5,Strong Buy,4,Buy,3,Neutral,4,Buy,5,Strong Buy,5,Strong Buy
8/5/2022,5,Strong Buy,5,Strong Buy,4,Buy,3,Neutral,4,Buy,5,Strong Buy,5,Strong Buy
8/8/2022,5,Strong Buy,5,Strong Buy,4,Buy,3,Neutral,4,Buy,5,Strong Buy,5,Strong Buy
8/9/2022,5,Strong Buy,5,Strong Buy,4,Buy,3,Neutral,4,Buy,5,Strong Buy,5,Strong Buy
8/11/2022,5,Strong Buy,5,Strong Buy,4,Buy,3,Neutral,4,Buy,5,Strong Buy,5,Strong Buy
8/12/2022,5,Strong Buy,5,Strong Buy,4,Buy,3,Neutral,4,Buy,5,Strong Buy,5,Strong Buy
8/15/2022,5,Strong Buy,5,Strong Buy,4,Buy,3,Neutral,4,Buy,5,Strong Buy,5,Strong Buy
8/16/2022,5,Strong Buy,5,Strong Buy,4,Buy,3,Neutral,4,Buy,5,Strong Buy,5,Strong Buy
8/17/2022,5,Strong Buy,5,Strong Buy,4,Buy,3,Neutral,4,Buy,5,Strong Buy,5,Strong Buy
8/18/2022,5,Strong Buy,5,Strong Buy,4,Buy,3,Neutral,4,Buy,5,Strong Buy,5,Strong Buy
8/19/2022,5,Strong Buy,5,Strong Buy,4,Buy,3,Neutral,4,Buy,5,Strong Buy,5,Strong Buy
8/22/2022,5,Strong Buy,5,Strong Buy,4,Buy,3,Neutral,4,Buy,5,Strong Buy,5,Strong Buy
8/23/2022,5,Strong Buy,5,Strong Buy,4,Buy,3,Neutral,4,Buy,5,Strong Buy,5,Strong Buy
8/24/2022,5,Strong Buy,5,Strong Buy,4,Buy,3,Neutral,4,Buy,5,Strong Buy,5,Strong Buy
8/25/2022,5,Strong Buy,5,Strong Buy,4,Buy,3,Neutral,4,Buy,5,Strong Buy,5,Strong Buy
8/26/2022,5,Strong Buy,5,Strong Buy,4,Buy,3,Neutral,4,Buy,5,Strong Buy,5,Strong Buy
8/29/2022,5,Strong Buy,5,Strong Buy,4,Buy,3,Neutral,4,Buy,5,Strong Buy,5,Strong Buy
8/30/2022,5,Strong Buy,5,Strong Buy,4,Buy,3,Neutral,4,Buy,5,Strong Buy,5,Strong Buy
8/31/2022,5,Strong Buy,5,Strong Buy,4,Buy,3,Neutral,4,Buy,5,Strong Buy,5,Strong Buy
9/1/2022,5,Strong Buy,5,Strong Buy,4,Buy,3,Neutral,4,Buy,5,Strong Buy,5,Strong Buy
9/2/2022,5,Strong Buy,5,Strong Buy,4,Buy,3,Neutral,4,Buy,5,Strong Buy,5,Strong Buy
9/6/2022,5,Strong Buy,5,Strong Buy,4,Buy,3,Neutral,4,Buy,5,Strong Buy,5,Strong Buy
9/7/2022,5,Strong Buy,5,Strong Buy,4,Buy,3,Neutral,4,Buy,5,Strong Buy,5,Strong Buy
9/8/2022,5,Strong Buy,5,Strong Buy,4,Buy,3,Neutral,4,Buy,5,Strong Buy,5,Strong Buy
9/9/2022,5,Strong Buy,5,Strong Buy,4,Buy,3,Neutral,4,Buy,5,Strong Buy,5,Strong Buy
9/12/2022,5,Strong Buy,5,Strong Buy,4,Buy,3,Neutral,4,Buy,5,Strong Buy,5,Strong Buy
9/13/2022,5,Strong Buy,5,Strong Buy,4,Buy,3,Neutral,4,Buy,5,Strong Buy,5,Strong Buy
9/14/2022,5,Strong Buy,5,Strong Buy,4,Buy,3,Neutral,4,Buy,5,Strong Buy,5,Strong Buy
9/15/2022,5,Strong Buy,5,Strong Buy,4,Buy,3,Neutral,4,Buy,5,Strong Buy,5,Strong Buy
9/16/2022,5,Strong Buy,5,Strong Buy,4,Buy,3,Neutral,4,Buy,5,Strong Buy,5,Strong Buy
9/19/2022,5,Strong Buy,5,Strong Buy,4,Buy,3,Neutral,4,Buy,5,Strong Buy,5,Strong Buy
9/20/2022,5,Strong Buy,5,Strong Buy,4,Buy,3,Neutral,4,Buy,5,Strong Buy,5,Strong Buy
9/21/2022,5,Strong Buy,5,Strong Buy,4,Buy,3,Neutral,4,Buy,5,Strong Buy,5,Strong Buy
9/22/2022,5,Strong Buy,5,Strong Buy,4,Buy,3,Neutral,4,Buy,5,Strong Buy,5,Strong Buy
9/23/2022,5,Strong Buy,5,Strong Buy,4,Buy,3,Neutral,4,Buy,5,Strong Buy,5,Strong Buy
9/26/2022,5,Strong Buy,5,Strong Buy,4,Buy,3,Neutral,4,Buy,5,Strong Buy,5,Strong Buy
9/27/2022,5,Strong Buy,5,Strong Buy,4,Buy,3,Neutral,4,Buy,5,Strong Buy,5,Strong Buy
9/28/2022,5,Strong Buy,5,Strong Buy,4,Buy,3,Neutral,4,Buy,5,Strong Buy,5,Strong Buy
9/29/2022,5,Strong Buy,5,Strong Buy,4,Buy,3,Neutral,4,Buy,5,Strong Buy,5,Strong Buy
9/30/2022,5,Strong Buy,5,Strong Buy,4,Buy,3,Neutral,4,Buy,5,Strong Buy,5,Strong Buy
10/3/2022,5,Strong Buy,5,Strong Buy,4,Buy,3,Neutral,4,Buy,5,Strong Buy,5,Strong Buy
10/4/2022,5,Strong Buy,5,Strong Buy,4,Buy,3,Neutral,4,Buy,5,Strong Buy,5,Strong Buy
10/5/2022,5,Strong Buy,5,Strong Buy,4,Buy,3,Neutral,4,Buy,5,Strong Buy,5,Strong Buy
10/6/2022,5,Strong Buy,5,Strong Buy,4,Buy,3,Neutral,4,Buy,5,Strong Buy,5,Strong Buy
10/7/2022,5,Strong Buy,5,Strong Buy,4,Buy,3,Neutral,4,Buy,5,Strong Buy,5,Strong Buy
10/10/2022,5,Strong Buy,5,Strong Buy,4,Buy,3,Neutral,4,Buy,5,Strong Buy,5,Strong Buy
10/11/2022,5,Strong Buy,5,Strong Buy,4,Buy,3,Neutral,4,Buy,5,Strong Buy,5,Strong Buy
10/12/2022,5,Strong Buy,5,Strong Buy,4,Buy,3,Neutral,4,Buy,5,Strong Buy,5,Strong Buy
10/13/2022,5,Strong Buy,5,Strong Buy,4,Buy,3,Neutral,4,Buy,5,Strong Buy,5,Strong Buy
10/14/2022,5,Strong Buy,5,Strong Buy,4,Buy,3,Neutral,4,Buy,5,Strong Buy,5,Strong Buy
10/17/2022,5,Strong Buy,5,Strong Buy,4,Buy,3,Neutral,4,Buy,5,Strong Buy,5,Strong Buy
10/18/2022,5,Strong Buy,5,Strong Buy,4,Buy,3,Neutral,4,Buy,5,Strong Buy,5,Strong Buy
10/19/2022,5,Strong Buy,5,Strong Buy,4,Buy,3,Neutral,4,Buy,5,Strong Buy,5,Strong Buy
10/20/2022,5,Strong Buy,5,Strong Buy,4,Buy,3,Neutral,4,Buy,5,Strong Buy,5,Strong Buy
10/21/2022,5,Strong Buy,5,Strong Buy,4,Buy,3,Neutral,4,Buy,5,Strong Buy,5,Strong Buy
10/25/2022,5,Strong Buy,5,Strong Buy,4,Buy,3,Neutral,4,Buy,5,Strong Buy,5,Strong Buy
10/26/2022,5,Strong Buy,5,Strong Buy,4,Buy,3,Neutral,4,Buy,5,Strong Buy,5,Strong Buy
10/27/2022,5,Strong Buy,5,Strong Buy,4,Buy,3,Neutral,4,Buy,5,Strong Buy,5,Strong Buy
10/28/2022,5,Strong Buy,5,Strong Buy,4,Buy,3,Neutral,4,Buy,5,Strong Buy,5,Strong Buy
10/31/2022,5,Strong Buy,5,Strong Buy,4,Buy,3,Neutral,4,Buy,5,Strong Buy,5,Strong Buy
11/1/2022,5,Strong Buy,5,Strong Buy,4,Buy,3,Neutral,4,Buy,5,Strong Buy,5,Strong Buy
11/2/2022,5,Strong Buy,5,Strong Buy,4,Buy,3,Neutral,4,Buy,5,Strong Buy,5,Strong Buy
11/3/2022,5,Strong Buy,5,Strong Buy,4,Buy,3,Neutral,4,Buy,5,Strong Buy,5,Strong Buy
11/4/2022,5,Strong Buy,5,Strong Buy,4,Buy,3,Neutral,4,Buy,5,Strong Buy,5,Strong Buy
11/7/2022,5,Strong Buy,5,Strong Buy,4,Buy,3,Neutral,4,Buy,5,Strong Buy,5,Strong Buy
11/8/2022,5,Strong Buy,5,Strong Buy,4,Buy,3,Neutral,4,Buy,5,Strong Buy,5,Strong Buy
11/9/2022,5,Strong Buy,5,Strong Buy,4,Buy,3,Neutral,4,Buy,5,Strong Buy,5,Strong Buy
11/10/2022,5,Strong Buy,5,Strong Buy,4,Buy,3,Neutral,4,Buy,5,Strong Buy,5,Strong Buy
11/11/2022,5,Strong Buy,5,Strong Buy,4,Buy,3,Neutral,4,Buy,5,Strong Buy,5,Strong Buy
11/14/2022,5,Strong Buy,5,Strong Buy,4,Buy,3,Neutral,4,Buy,5,Strong Buy,5,Strong Buy
11/15/2022,5,Strong Buy,5,Strong Buy,4,Buy,3,Neutral,4,Buy,5,Strong Buy,5,Strong Buy
11/16/2022,5,Strong Buy,5,Strong Buy,4,Buy,3,Neutral,4,Buy,5,Strong Buy,5,Strong Buy
11/17/2022,5,Strong Buy,5,Strong Buy,4,Buy,3,Neutral,4,Buy,5,Strong Buy,5,Strong Buy
11/18/2022,5,Strong Buy,5,Strong Buy,4,Buy,3,Neutral,4,Buy,5,Strong Buy,5,Strong Buy
11/21/2022,5,Strong Buy,5,Strong Buy,4,Buy,3,Neutral,4,Buy,5,Strong Buy,5,Strong Buy
11/22/2022,5,Strong Buy,5,Strong Buy,4,Buy,3,Neutral,4,Buy,5,Strong Buy,5,Strong Buy
11/23/2022,5,Strong Buy,5,Strong Buy,4,Buy,3,Neutral,4,Buy,5,Strong Buy,5,Strong Buy
11/25/2022,5,Strong Buy,5,Strong Buy,4,Buy,3,Neutral,4,Buy,5,Strong Buy,5,Strong Buy
11/28/2022,5,Strong Buy,5,Strong Buy,4,Buy,3,Neutral,4,Buy,5,Strong Buy,5,Strong Buy
11/29/2022,5,Strong Buy,5,Strong Buy,4,Buy,3,Neutral,4,Buy,5,Strong Buy,5,Strong Buy
11/30/2022,5,Strong Buy,5,Strong Buy,4,Buy,3,Neutral,4,Buy,5,Strong Buy,5,Strong Buy
12/1/2022,5,Strong Buy,5,Strong Buy,4,Buy,3,Neutral,4,Buy,5,Strong Buy,5,Strong Buy
12/2/2022,5,Strong Buy,5,Strong Buy,4,Buy,3,Neutral,4,Buy,5,Strong Buy,5,Strong Buy
12/5/2022,5,Strong Buy,5,Strong Buy,4,Buy,3,Neutral,4,Buy,5,Strong Buy,5,Strong Buy
12/6/2022,5,Strong Buy,5,Strong Buy,4,Buy,3,Neutral,4,Buy,5,Strong Buy,5,Strong Buy
12/7/2022,5,Strong Buy,5,Strong Buy,4,Buy,3,Neutral,4,Buy,5,Strong Buy,5,Strong Buy
12/8/2022,5,Strong Buy,5,Strong Buy,4,Buy,3,Neutral,4,Buy,5,Strong Buy,5,Strong Buy
12/9/2022,5,Strong Buy,5,Strong Buy,4,Buy,3,Neutral,4,Buy,5,Strong Buy,5,Strong Buy
12/12/2022,5,Strong Buy,5,Strong Buy,4,Buy,3,Neutral,4,Buy,5,Strong Buy,5,Strong Buy
12/13/2022,5,Strong Buy,5,Strong Buy,4,Buy,3,Neutral,4,Buy,5,Strong Buy,5,Strong Buy
12/14/2022,5,Strong Buy,5,Strong Buy,4,Buy,3,Neutral,4,Buy,5,Strong Buy,5,Strong Buy
12/15/2022,5,Strong Buy,5,Strong Buy,4,Buy,3,Neutral,4,Buy,5,Strong Buy,5,Strong Buy
12/16/2022,5,Strong Buy,5,Strong Buy,4,Buy,3,Neutral,4,Buy,5,Strong Buy,5,Strong Buy
12/19/2022,5,Strong Buy,5,Strong Buy,4,Buy,3,Neutral,4,Buy,5,Strong Buy,5,Strong Buy
12/20/2022,5,Strong Buy,5,Strong Buy,4,Buy,3,Neutral,4,Buy,5,Strong Buy,5,Strong Buy
12/21/2022,5,Strong Buy,5,Strong Buy,4,Buy,3,Neutral,4,Buy,5,Strong Buy,5,Strong Buy
12/22/2022,5,Strong Buy,5,Strong Buy,4,Buy,3,Neutral,4,Buy,5,Strong Buy,5,Strong Buy
12/23/2022,5,Strong Buy,5,Strong Buy,4,Buy,3,Neutral,4,Buy,5,Strong Buy,5,Strong Buy
12/27/2022,5,Strong Buy,5,Strong Buy,4,Buy,3,Neutral,4,Buy,5,Strong Buy,5,Strong Buy
12/28/2022,5,Strong Buy,5,Strong Buy,4,Buy,3,Neutral,4,Buy,5,Strong Buy,5,Strong Buy
12/29/2022,5,Strong Buy,5,Strong Buy,4,Buy,3,Neutral,4,Buy,5,Strong Buy,5,Strong Buy
12/30/2022,5,Strong Buy,5,Strong Buy,4,Buy,3,Neutral,4,Buy,5,Strong Buy,5,Strong Buy
1/3/2023,5,Strong Buy,5,Strong Buy,4,Buy,3,Neutral,4,Buy,5,Strong Buy,5,Strong Buy
1/4/2023,5,Strong Buy,5,Strong Buy,4,Buy,3,Neutral,4,Buy,5,Strong Buy,5,Strong Buy
1/5/2023,5,Strong Buy,5,Strong Buy,4,Buy,3,Neutral,4,Buy,5,Strong Buy,5,Strong Buy
1/6/2023,5,Strong Buy,5,Strong Buy,4,Buy,3,Neutral,4,Buy,5,Strong Buy,5,Strong Buy
1/9/2023,5,Strong Buy,5,Strong Buy,4,Buy,3,Neutral,4,Buy,5,Strong Buy,5,Strong Buy
1/10/2023,5,Strong Buy,5,Strong Buy,4,Buy,3,Neutral,4,Buy,5,Strong Buy,5,Strong Buy
1/11/2023,5,Strong Buy,5,Strong Buy,4,Buy,3,Neutral,4,Buy,5,Strong Buy,5,Strong Buy
1/12/2023,5,Strong Buy,5,Strong Buy,4,Buy,3,Neutral,4,Buy,5,Strong Buy,5,Strong Buy
1/13/2023,5,Strong Buy,5,Strong Buy,4,Buy,3,Neutral,4,Buy,5,Strong Buy,5,Strong Buy
1/17/2023,5,Strong Buy,5,Strong Buy,4,Buy,3,Neutral,4,Buy,5,Strong Buy,5,Strong Buy
1/18/2023,5,Strong Buy,5,Strong Buy,4,Buy,3,Neutral,4,Buy,5,Strong Buy,5,Strong Buy
1/19/2023,5,Strong Buy,5,Strong Buy,4,Buy,3,Neutral,4,Buy,5,Strong Buy,5,Strong Buy
1/20/2023,5,Strong Buy,5,Strong Buy,4,Buy,3,Neutral,4,Buy,5,Strong Buy,5,Strong Buy
1/23/2023,5,Strong Buy,5,Strong Buy,4,Buy,3,Neutral,4,Buy,5,Strong Buy,5,Strong Buy
1/24/2023,5,Strong Buy,5,Strong Buy,3,Neutral,3,Neutral,4,Buy,5,Strong Buy,5,Strong Buy
1/25/2023,5,Strong Buy,5,Strong Buy,3,Neutral,3,Neutral,4,Buy,5,Strong Buy,5,Strong Buy
1/26/2023,5,Strong Buy,5,Strong Buy,3,Neutral,3,Neutral,4,Buy,5,Strong Buy,5,Strong Buy
1/27/2023,5,Strong Buy,5,Strong Buy,3,Neutral,3,Neutral,4,Buy,5,Strong Buy,5,Strong Buy
1/30/2023,5,Strong Buy,5,Strong Buy,3,Neutral,3,Neutral,4,Buy,5,Strong Buy,5,Strong Buy
1/31/2023,5,Strong Buy,5,Strong Buy,3,Neutral,3,Neutral,4,Buy,5,Strong Buy,5,Strong Buy
2/1/2023,5,Strong Buy,5,Strong Buy,3,Neutral,3,Neutral,4,Buy,5,Strong Buy,5,Strong Buy
2/2/2023,5,Strong Buy,5,Strong Buy,3,Neutral,3,Neutral,4,Buy,5,Strong Buy,5,Strong Buy
2/3/2023,5,Strong Buy,5,Strong Buy,3,Neutral,3,Neutral,4,Buy,5,Strong Buy,5,Strong Buy
2/6/2023,5,Strong Buy,5,Strong Buy,3,Neutral,3,Neutral,4,Buy,5,Strong Buy,5,Strong Buy
2/7/2023,5,Strong Buy,5,Strong Buy,3,Neutral,3,Neutral,4,Buy,5,Strong Buy,5,Strong Buy
2/8/2023,5,Strong Buy,5,Strong Buy,3,Neutral,3,Neutral,4,Buy,5,Strong Buy,5,Strong Buy
2/9/2023,5,Strong Buy,5,Strong Buy,3,Neutral,3,Neutral,4,Buy,5,Strong Buy,5,Strong Buy
2/10/2023,5,Strong Buy,5,Strong Buy,3,Neutral,3,Neutral,4,Buy,5,Strong Buy,5,Strong Buy
2/13/2023,5,Strong Buy,5,Strong Buy,3,Neutral,3,Neutral,4,Buy,5,Strong Buy,5,Strong Buy
2/14/2023,5,Strong Buy,5,Strong Buy,3,Neutral,3,Neutral,4,Buy,5,Strong Buy,5,Strong Buy
2/16/2023,5,Strong Buy,5,Strong Buy,3,Neutral,3,Neutral,4,Buy,5,Strong Buy,5,Strong Buy
2/17/2023,5,Strong Buy,5,Strong Buy,3,Neutral,3,Neutral,4,Buy,5,Strong Buy,5,Strong Buy
2/21/2023,5,Strong Buy,5,Strong Buy,3,Neutral,3,Neutral,4,Buy,5,Strong Buy,5,Strong Buy
2/22/2023,5,Strong Buy,5,Strong Buy,3,Neutral,3,Neutral,4,Buy,5,Strong Buy,5,Strong Buy
2/23/2023,5,Strong Buy,5,Strong Buy,3,Neutral,3,Neutral,4,Buy,5,Strong Buy,5,Strong Buy
2/24/2023,5,Strong Buy,5,Strong Buy,3,Neutral,3,Neutral,4,Buy,5,Strong Buy,5,Strong Buy
2/27/2023,5,Strong Buy,5,Strong Buy,3,Neutral,3,Neutral,4,Buy,5,Strong Buy,5,Strong Buy
2/28/2023,5,Strong Buy,5,Strong Buy,3,Neutral,3,Neutral,4,Buy,5,Strong Buy,5,Strong Buy
3/1/2023,5,Strong Buy,5,Strong Buy,3,Neutral,3,Neutral,4,Buy,5,Strong Buy,5,Strong Buy
3/2/2023,5,Strong Buy,5,Strong Buy,3,Neutral,3,Neutral,4,Buy,5,Strong Buy,5,Strong Buy
3/3/2023,5,Strong Buy,5,Strong Buy,3,Neutral,3,Neutral,4,Buy,5,Strong Buy,5,Strong Buy
3/6/2023,5,Strong Buy,5,Strong Buy,3,Neutral,3,Neutral,4,Buy,5,Strong Buy,5,Strong Buy
3/7/2023,5,Strong Buy,5,Strong Buy,3,Neutral,3,Neutral,4,Buy,5,Strong Buy,5,Strong Buy
3/8/2023,5,Strong Buy,5,Strong Buy,3,Neutral,3,Neutral,4,Buy,5,Strong Buy,5,Strong Buy
3/9/2023,5,Strong Buy,5,Strong Buy,3,Neutral,3,Neutral,4,Buy,5,Strong Buy,5,Strong Buy
3/10/2023,5,Strong Buy,5,Strong Buy,3,Neutral,3,Neutral,4,Buy,5,Strong Buy,5,Strong Buy
3/13/2023,5,Strong Buy,5,Strong Buy,3,Neutral,3,Neutral,4,Buy,5,Strong Buy,5,Strong Buy
3/14/2023,5,Strong Buy,5,Strong Buy,3,Neutral,3,Neutral,4,Buy,5,Strong Buy,5,Strong Buy
3/15/2023,5,Strong Buy,5,Strong Buy,3,Neutral,3,Neutral,4,Buy,5,Strong Buy,5,Strong Buy
3/16/2023,5,Strong Buy,5,Strong Buy,3,Neutral,3,Neutral,4,Buy,5,Strong Buy,5,Strong Buy
3/17/2023,5,Strong Buy,5,Strong Buy,3,Neutral,3,Neutral,4,Buy,5,Strong Buy,5,Strong Buy
3/20/2023,5,Strong Buy,5,Strong Buy,3,Neutral,3,Neutral,4,Buy,5,Strong Buy,5,Strong Buy
3/21/2023,5,Strong Buy,5,Strong Buy,3,Neutral,3,Neutral,4,Buy,5,Strong Buy,5,Strong Buy
3/22/2023,5,Strong Buy,5,Strong Buy,3,Neutral,3,Neutral,4,Buy,5,Strong Buy,5,Strong Buy
3/23/2023,5,Strong Buy,5,Strong Buy,3,Neutral,3,Neutral,4,Buy,5,Strong Buy,5,Strong Buy
3/24/2023,5,Strong Buy,5,Strong Buy,3,Neutral,3,Neutral,4,Buy,5,Strong Buy,5,Strong Buy
3/27/2023,5,Strong Buy,5,Strong Buy,3,Neutral,3,Neutral,4,Buy,5,Strong Buy,5,Strong Buy
3/28/2023,5,Strong Buy,5,Strong Buy,3,Neutral,3,Neutral,4,Buy,5,Strong Buy,5,Strong Buy
3/29/2023,5,Strong Buy,5,Strong Buy,3,Neutral,3,Neutral,4,Buy,5,Strong Buy,5,Strong Buy
3/30/2023,5,Strong Buy,5,Strong Buy,3,Neutral,3,Neutral,4,Buy,5,Strong Buy,5,Strong Buy
3/31/2023,5,Strong Buy,5,Strong Buy,3,Neutral,3,Neutral,4,Buy,5,Strong Buy,5,Strong Buy
4/12/2023,5,Strong Buy,5,Strong Buy,3,Neutral,3,Neutral,4,Buy,5,Strong Buy,5,Strong Buy
4/13/2023,5,Strong Buy,5,Strong Buy,3,Neutral,3,Neutral,4,Buy,5,Strong Buy,5,Strong Buy
4/14/2023,5,Strong Buy,5,Strong Buy,3,Neutral,3,Neutral,4,Buy,5,Strong Buy,5,Strong Buy
4/17/2023,5,Strong Buy,5,Strong Buy,3,Neutral,3,Neutral,4,Buy,5,Strong Buy,5,Strong Buy
4/18/2023,5,Strong Buy,5,Strong Buy,3,Neutral,3,Neutral,4,Buy,5,Strong Buy,5,Strong Buy
4/19/2023,5,Strong Buy,5,Strong Buy,3,Neutral,3,Neutral,4,Buy,5,Strong Buy,5,Strong Buy
4/20/2023,5,Strong Buy,5,Strong Buy,3,Neutral,3,Neutral,4,Buy,5,Strong Buy,5,Strong Buy
4/21/2023,5,Strong Buy,5,Strong Buy,3,Neutral,3,Neutral,4,Buy,5,Strong Buy,5,Strong Buy
4/24/2023,5,Strong Buy,5,Strong Buy,3,Neutral,3,Neutral,4,Buy,5,Strong Buy,5,Strong Buy
4/25/2023,5,Strong Buy,5,Strong Buy,3,Neutral,3,Neutral,4,Buy,5,Strong Buy,5,Strong Buy
4/26/2023,5,Strong Buy,5,Strong Buy,3,Neutral,3,Neutral,4,Buy,5,Strong Buy,5,Strong Buy
4/27/2023,5,Strong Buy,5,Strong Buy,3,Neutral,3,Neutral,4,Buy,5,Strong Buy,5,Strong Buy
4/28/2023,5,Strong Buy,5,Strong Buy,3,Neutral,3,Neutral,4,Buy,5,Strong Buy,5,Strong Buy
5/1/2023,5,Strong Buy,5,Strong Buy,3,Neutral,3,Neutral,4,Buy,5,Strong Buy,5,Strong Buy
5/2/2023,5,Strong Buy,5,Strong Buy,3,Neutral,3,Neutral,4,Buy,5,Strong Buy,5,Strong Buy
5/3/2023,5,Strong Buy,5,Strong Buy,3,Neutral,3,Neutral,4,Buy,5,Strong Buy,5,Strong Buy
5/4/2023,5,Strong Buy,5,Strong Buy,3,Neutral,3,Neutral,4,Buy,5,Strong Buy,5,Strong Buy
5/5/2023,5,Strong Buy,5,Strong Buy,3,Neutral,3,Neutral,4,Buy,5,Strong Buy,5,Strong Buy
5/8/2023,5,Strong Buy,5,Strong Buy,3,Neutral,3,Neutral,4,Buy,5,Strong Buy,5,Strong Buy
5/9/2023,5,Strong Buy,5,Strong Buy,3,Neutral,3,Neutral,4,Buy,5,Strong Buy,5,Strong Buy
5/10/2023,5,Strong Buy,5,Strong Buy,3,Neutral,3,Neutral,4,Buy,5,Strong Buy,5,Strong Buy
5/11/2023,5,Strong Buy,5,Strong Buy,3,Neutral,3,Neutral,4,Buy,5,Strong Buy,5,Strong Buy
5/12/2023,5,Strong Buy,5,Strong Buy,3,Neutral,3,Neutral,4,Buy,5,Strong Buy,5,Strong Buy
5/15/2023,5,Strong Buy,5,Strong Buy,3,Neutral,3,Neutral,4,Buy,5,Strong Buy,5,Strong Buy
5/16/2023,5,Strong Buy,5,Strong Buy,3,Neutral,3,Neutral,4,Buy,5,Strong Buy,5,Strong Buy
5/17/2023,5,Strong Buy,5,Strong Buy,3,Neutral,3,Neutral,4,Buy,5,Strong Buy,5,Strong Buy
5/18/2023,5,Strong Buy,5,Strong Buy,3,Neutral,3,Neutral,4,Buy,5,Strong Buy,5,Strong Buy
5/19/2023,5,Strong Buy,5,Strong Buy,3,Neutral,3,Neutral,4,Buy,5,Strong Buy,5,Strong Buy
5/22/2023,5,Strong Buy,5,Strong Buy,3,Neutral,3,Neutral,4,Buy,5,Strong Buy,5,Strong Buy
5/23/2023,5,Strong Buy,5,Strong Buy,3,Neutral,3,Neutral,4,Buy,5,Strong Buy,5,Strong Buy
5/24/2023,5,Strong Buy,5,Strong Buy,3,Neutral,3,Neutral,4,Buy,5,Strong Buy,5,Strong Buy
5/25/2023,5,Strong Buy,5,Strong Buy,3,Neutral,3,Neutral,4,Buy,5,Strong Buy,5,Strong Buy
5/26/2023,5,Strong Buy,5,Strong Buy,3,Neutral,3,Neutral,4,Buy,5,Strong Buy,5,Strong Buy
5/30/2023,5,Strong Buy,5,Strong Buy,3,Neutral,3,Neutral,4,Buy,5,Strong Buy,5,Strong Buy
5/31/2023,5,Strong Buy,5,Strong Buy,3,Neutral,3,Neutral,4,Buy,5,Strong Buy,5,Strong Buy
6/1/2023,5,Strong Buy,5,Strong Buy,3,Neutral,3,Neutral,4,Buy,5,Strong Buy,5,Strong Buy
6/2/2023,5,Strong Buy,5,Strong Buy,3,Neutral,3,Neutral,4,Buy,5,Strong Buy,5,Strong Buy
6/5/2023,5,Strong Buy,5,Strong Buy,3,Neutral,3,Neutral,4,Buy,5,Strong Buy,5,Strong Buy
6/6/2023,5,Strong Buy,5,Strong Buy,3,Neutral,3,Neutral,4,Buy,5,Strong Buy,5,Strong Buy
6/7/2023,5,Strong Buy,5,Strong Buy,3,Neutral,3,Neutral,4,Buy,5,Strong Buy,5,Strong Buy
6/8/2023,5,Strong Buy,5,Strong Buy,3,Neutral,3,Neutral,4,Buy,5,Strong Buy,5,Strong Buy
6/9/2023,5,Strong Buy,5,Strong Buy,3,Neutral,3,Neutral,4,Buy,5,Strong Buy,5,Strong Buy
6/12/2023,5,Strong Buy,5,Strong Buy,3,Neutral,3,Neutral,4,Buy,5,Strong Buy,5,Strong Buy
6/13/2023,5,Strong Buy,5,Strong Buy,3,Neutral,3,Neutral,4,Buy,5,Strong Buy,5,Strong Buy
6/14/2023,5,Strong Buy,5,Strong Buy,3,Neutral,3,Neutral,4,Buy,5,Strong Buy,5,Strong Buy
6/15/2023,5,Strong Buy,5,Strong Buy,3,Neutral,3,Neutral,4,Buy,5,Strong Buy,5,Strong Buy
6/16/2023,5,Strong Buy,5,Strong Buy,3,Neutral,3,Neutral,4,Buy,5,Strong Buy,5,Strong Buy
6/20/2023,5,Strong Buy,5,Strong Buy,3,Neutral,3,Neutral,4,Buy,5,Strong Buy,5,Strong Buy
6/21/2023,5,Strong Buy,5,Strong Buy,3,Neutral,3,Neutral,4,Buy,5,Strong Buy,5,Strong Buy
6/22/2023,5,Strong Buy,5,Strong Buy,3,Neutral,3,Neutral,4,Buy,5,Strong Buy,5,Strong Buy
6/23/2023,5,Strong Buy,5,Strong Buy,3,Neutral,3,Neutral,4,Buy,5,Strong Buy,5,Strong Buy
6/26/2023,5,Strong Buy,5,Strong Buy,3,Neutral,3,Neutral,4,Buy,5,Strong Buy,5,Strong Buy
6/27/2023,5,Strong Buy,5,Strong Buy,3,Neutral,3,Neutral,4,Buy,5,Strong Buy,5,Strong Buy
6/28/2023,5,Strong Buy,5,Strong Buy,3,Neutral,3,Neutral,4,Buy,5,Strong Buy,5,Strong Buy
6/29/2023,5,Strong Buy,5,Strong Buy,3,Neutral,3,Neutral,4,Buy,5,Strong Buy,5,Strong Buy
6/30/2023,5,Strong Buy,5,Strong Buy,3,Neutral,3,Neutral,4,Buy,5,Strong Buy,5,Strong Buy
7/3/2023,5,Strong Buy,5,Strong Buy,3,Neutral,3,Neutral,4,Buy,5,Strong Buy,5,Strong Buy
7/5/2023,5,Strong Buy,5,Strong Buy,3,Neutral,3,Neutral,4,Buy,5,Strong Buy,5,Strong Buy
7/6/2023,5,Strong Buy,5,Strong Buy,3,Neutral,3,Neutral,4,Buy,5,Strong Buy,5,Strong Buy
7/7/2023,5,Strong Buy,5,Strong Buy,3,Neutral,3,Neutral,4,Buy,5,Strong Buy,5,Strong Buy
7/10/2023,5,Strong Buy,5,Strong Buy,3,Neutral,3,Neutral,4,Buy,5,Strong Buy,5,Strong Buy
7/11/2023,5,Strong Buy,5,Strong Buy,3,Neutral,3,Neutral,4,Buy,5,Strong Buy,5,Strong Buy
7/12/2023,5,Strong Buy,5,Strong Buy,3,Neutral,3,Neutral,4,Buy,5,Strong Buy,5,Strong Buy
7/13/2023,5,Strong Buy,5,Strong Buy,3,Neutral,3,Neutral,4,Buy,5,Strong Buy,5,Strong Buy
7/14/2023,5,Strong Buy,5,Strong Buy,3,Neutral,3,Neutral,4,Buy,5,Strong Buy,5,Strong Buy
7/17/2023,5,Strong Buy,5,Strong Buy,3,Neutral,3,Neutral,4,Buy,5,Strong Buy,5,Strong Buy
7/18/2023,5,Strong Buy,5,Strong Buy,3,Neutral,3,Neutral,4,Buy,5,Strong Buy,5,Strong Buy
7/19/2023,5,Strong Buy,5,Strong Buy,3,Neutral,3,Neutral,4,Buy,5,Strong Buy,5,Strong Buy
7/20/2023,5,Strong Buy,5,Strong Buy,3,Neutral,3,Neutral,4,Buy,5,Strong Buy,5,Strong Buy
7/21/2023,5,Strong Buy,5,Strong Buy,3,Neutral,3,Neutral,4,Buy,5,Strong Buy,5,Strong Buy
7/24/2023,5,Strong Buy,5,Strong Buy,3,Neutral,3,Neutral,4,Buy,5,Strong Buy,5,Strong Buy
7/25/2023,5,Strong Buy,5,Strong Buy,3,Neutral,3,Neutral,4,Buy,5,Strong Buy,5,Strong Buy
7/26/2023,5,Strong Buy,5,Strong Buy,3,Neutral,3,Neutral,4,Buy,5,Strong Buy,5,Strong Buy
7/27/2023,5,Strong Buy,5,Strong Buy,3,Neutral,3,Neutral,4,Buy,5,Strong Buy,5,Strong Buy
7/28/2023,5,Strong Buy,5,Strong Buy,3,Neutral,3,Neutral,4,Buy,5,Strong Buy,5,Strong Buy
7/31/2023,5,Strong Buy,5,Strong Buy,3,Neutral,3,Neutral,4,Buy,5,Strong Buy,5,Strong Buy
8/1/2023,5,Strong Buy,5,Strong Buy,3,Neutral,3,Neutral,4,Buy,5,Strong Buy,5,Strong Buy
8/2/2023,5,Strong Buy,5,Strong Buy,3,Neutral,3,Neutral,4,Buy,5,Strong Buy,5,Strong Buy
8/3/2023,5,Strong Buy,5,Strong Buy,3,Neutral,3,Neutral,4,Buy,5,Strong Buy,5,Strong Buy
8/4/2023,5,Strong Buy,5,Strong Buy,3,Neutral,3,Neutral,4,Buy,5,Strong Buy,5,Strong Buy
8/7/2023,5,Strong Buy,5,Strong Buy,3,Neutral,3,Neutral,4,Buy,5,Strong Buy,5,Strong Buy
8/8/2023,5,Strong Buy,5,Strong Buy,3,Neutral,3,Neutral,4,Buy,5,Strong Buy,5,Strong Buy
8/9/2023,5,Strong Buy,5,Strong Buy,3,Neutral,3,Neutral,4,Buy,5,Strong Buy,5,Strong Buy
8/10/2023,5,Strong Buy,5,Strong Buy,3,Neutral,3,Neutral,4,Buy,5,Strong Buy,5,Strong Buy
8/11/2023,5,Strong Buy,5,Strong Buy,3,Neutral,3,Neutral,4,Buy,5,Strong Buy,5,Strong Buy
8/14/2023,5,Strong Buy,5,Strong Buy,3,Neutral,3,Neutral,4,Buy,5,Strong Buy,5,Strong Buy
8/15/2023,5,Strong Buy,5,Strong Buy,3,Neutral,3,Neutral,4,Buy,5,Strong Buy,5,Strong Buy
8/16/2023,5,Strong Buy,5,Strong Buy,3,Neutral,3,Neutral,4,Buy,5,Strong Buy,5,Strong Buy
8/17/2023,5,Strong Buy,5,Strong Buy,3,Neutral,3,Neutral,4,Buy,5,Strong Buy,5,Strong Buy
8/18/2023,5,Strong Buy,5,Strong Buy,3,Neutral,3,Neutral,4,Buy,5,Strong Buy,5,Strong Buy
8/21/2023,5,Strong Buy,5,Strong Buy,3,Neutral,3,Neutral,4,Buy,5,Strong Buy,5,Strong Buy
8/22/2023,5,Strong Buy,5,Strong Buy,3,Neutral,3,Neutral,4,Buy,5,Strong Buy,5,Strong Buy
8/23/2023,5,Strong Buy,5,Strong Buy,3,Neutral,3,Neutral,4,Buy,5,Strong Buy,5,Strong Buy
8/24/2023,5,Strong Buy,5,Strong Buy,3,Neutral,3,Neutral,4,Buy,5,Strong Buy,5,Strong Buy
8/25/2023,5,Strong Buy,5,Strong Buy,3,Neutral,3,Neutral,4,Buy,5,Strong Buy,5,Strong Buy
8/28/2023,5,Strong Buy,5,Strong Buy,3,Neutral,3,Neutral,4,Buy,5,Strong Buy,5,Strong Buy
8/29/2023,5,Strong Buy,5,Strong Buy,3,Neutral,3,Neutral,4,Buy,5,Strong Buy,5,Strong Buy
8/30/2023,5,Strong Buy,5,Strong Buy,3,Neutral,3,Neutral,4,Buy,5,Strong Buy,5,Strong Buy
8/31/2023,5,Strong Buy,5,Strong Buy,3,Neutral,3,Neutral,4,Buy,5,Strong Buy,5,Strong Buy
9/1/2023,5,Strong Buy,5,Strong Buy,3,Neutral,3,Neutral,4,Buy,5,Strong Buy,5,Strong Buy
9/5/2023,5,Strong Buy,5,Strong Buy,3,Neutral,3,Neutral,4,Buy,5,Strong Buy,5,Strong Buy
9/6/2023,5,Strong Buy,5,Strong Buy,3,Neutral,3,Neutral,4,Buy,5,Strong Buy,5,Strong Buy
9/7/2023,5,Strong Buy,5,Strong Buy,3,Neutral,3,Neutral,4,Buy,5,Strong Buy,5,Strong Buy
9/8/2023,5,Strong Buy,5,Strong Buy,3,Neutral,3,Neutral,4,Buy,5,Strong Buy,5,Strong Buy
9/11/2023,5,Strong Buy,5,Strong Buy,3,Neutral,3,Neutral,4,Buy,5,Strong Buy,5,Strong Buy
9/12/2023,5,Strong Buy,5,Strong Buy,3,Neutral,3,Neutral,4,Buy,5,Strong Buy,5,Strong Buy
9/13/2023,5,Strong Buy,5,Strong Buy,3,Neutral,3,Neutral,4,Buy,5,Strong Buy,5,Strong Buy
9/14/2023,5,Strong Buy,5,Strong Buy,3,Neutral,3,Neutral,4,Buy,5,Strong Buy,5,Strong Buy
9/15/2023,5,Strong Buy,5,Strong Buy,3,Neutral,3,Neutral,4,Buy,5,Strong Buy,5,Strong Buy
9/18/2023,5,Strong Buy,5,Strong Buy,3,Neutral,3,Neutral,4,Buy,5,Strong Buy,5,Strong Buy
9/19/2023,5,Strong Buy,5,Strong Buy,3,Neutral,3,Neutral,4,Buy,5,Strong Buy,5,Strong Buy
9/20/2023,5,Strong Buy,5,Strong Buy,3,Neutral,3,Neutral,4,Buy,5,Strong Buy,5,Strong Buy
9/21/2023,5,Strong Buy,5,Strong Buy,3,Neutral,3,Neutral,4,Buy,5,Strong Buy,5,Strong Buy
9/22/2023,5,Strong Buy,5,Strong Buy,3,Neutral,3,Neutral,4,Buy,5,Strong Buy,5,Strong Buy
9/25/2023,5,Strong Buy,5,Strong Buy,3,Neutral,3,Neutral,4,Buy,5,Strong Buy,5,Strong Buy
9/26/2023,5,Strong Buy,5,Strong Buy,3,Neutral,3,Neutral,4,Buy,5,Strong Buy,5,Strong Buy
9/27/2023,5,Strong Buy,5,Strong Buy,3,Neutral,3,Neutral,4,Buy,5,Strong Buy,5,Strong Buy
9/28/2023,5,Strong Buy,5,Strong Buy,3,Neutral,3,Neutral,4,Buy,5,Strong Buy,5,Strong Buy
9/29/2023,5,Strong Buy,5,Strong Buy,3,Neutral,3,Neutral,4,Buy,5,Strong Buy,5,Strong Buy
10/2/2023,5,Strong Buy,5,Strong Buy,3,Neutral,3,Neutral,4,Buy,5,Strong Buy,5,Strong Buy
10/3/2023,5,Strong Buy,5,Strong Buy,3,Neutral,3,Neutral,4,Buy,5,Strong Buy,5,Strong Buy
10/4/2023,5,Strong Buy,5,Strong Buy,3,Neutral,3,Neutral,4,Buy,5,Strong Buy,5,Strong Buy
10/5/2023,5,Strong Buy,5,Strong Buy,3,Neutral,3,Neutral,4,Buy,5,Strong Buy,5,Strong Buy
10/6/2023,5,Strong Buy,5,Strong Buy,3,Neutral,3,Neutral,4,Buy,5,Strong Buy,5,Strong Buy
10/9/2023,5,Strong Buy,5,Strong Buy,3,Neutral,3,Neutral,4,Buy,5,Strong Buy,5,Strong Buy
10/10/2023,5,Strong Buy,5,Strong Buy,3,Neutral,3,Neutral,4,Buy,5,Strong Buy,5,Strong Buy
10/11/2023,5,Strong Buy,5,Strong Buy,3,Neutral,3,Neutral,4,Buy,5,Strong Buy,5,Strong Buy
10/12/2023,5,Strong Buy,5,Strong Buy,3,Neutral,3,Neutral,4,Buy,5,Strong Buy,5,Strong Buy
10/13/2023,5,Strong Buy,5,Strong Buy,3,Neutral,3,Neutral,4,Buy,5,Strong Buy,5,Strong Buy
10/16/2023,5,Strong Buy,5,Strong Buy,3,Neutral,3,Neutral,4,Buy,5,Strong Buy,5,Strong Buy
10/17/2023,5,Strong Buy,5,Strong Buy,3,Neutral,3,Neutral,4,Buy,5,Strong Buy,5,Strong Buy
10/18/2023,5,Strong Buy,5,Strong Buy,3,Neutral,3,Neutral,4,Buy,5,Strong Buy,5,Strong Buy
10/19/2023,5,Strong Buy,5,Strong Buy,3,Neutral,3,Neutral,4,Buy,5,Strong Buy,5,Strong Buy
10/20/2023,5,Strong Buy,5,Strong Buy,3,Neutral,3,Neutral,4,Buy,5,Strong Buy,5,Strong Buy
10/23/2023,5,Strong Buy,5,Strong Buy,3,Neutral,3,Neutral,4,Buy,5,Strong Buy,5,Strong Buy
10/24/2023,5,Strong Buy,5,Strong Buy,3,Neutral,3,Neutral,4,Buy,5,Strong Buy,5,Strong Buy
10/25/2023,5,Strong Buy,5,Strong Buy,3,Neutral,3,Neutral,4,Buy,5,Strong Buy,5,Strong Buy
10/26/2023,5,Strong Buy,5,Strong Buy,3,Neutral,3,Neutral,4,Buy,5,Strong Buy,5,Strong Buy
10/27/2023,5,Strong Buy,5,Strong Buy,3,Neutral,3,Neutral,4,Buy,5,Strong Buy,5,Strong Buy
10/30/2023,5,Strong Buy,5,Strong Buy,3,Neutral,3,Neutral,4,Buy,5,Strong Buy,5,Strong Buy
10/31/2023,5,Strong Buy,5,Strong Buy,3,Neutral,3,Neutral,4,Buy,5,Strong Buy,5,Strong Buy
11/1/2023,5,Strong Buy,5,Strong Buy,3,Neutral,3,Neutral,4,Buy,5,Strong Buy,5,Strong Buy
11/2/2023,5,Strong Buy,5,Strong Buy,3,Neutral,3,Neutral,4,Buy,5,Strong Buy,5,Strong Buy
11/3/2023,5,Strong Buy,5,Strong Buy,3,Neutral,3,Neutral,4,Buy,5,Strong Buy,5,Strong Buy
11/6/2023,5,Strong Buy,5,Strong Buy,3,Neutral,3,Neutral,4,Buy,5,Strong Buy,5,Strong Buy
11/7/2023,5,Strong Buy,5,Strong Buy,3,Neutral,3,Neutral,4,Buy,5,Strong Buy,5,Strong Buy
11/8/2023,5,Strong Buy,5,Strong Buy,3,Neutral,3,Neutral,4,Buy,5,Strong Buy,5,Strong Buy
11/9/2023,5,Strong Buy,5,Strong Buy,3,Neutral,3,Neutral,4,Buy,5,Strong Buy,5,Strong Buy
11/10/2023,5,Strong Buy,5,Strong Buy,3,Neutral,3,Neutral,4,Buy,5,Strong Buy,5,Strong Buy
11/13/2023,5,Strong Buy,5,Strong Buy,3,Neutral,3,Neutral,4,Buy,5,Strong Buy,5,Strong Buy
11/14/2023,5,Strong Buy,5,Strong Buy,3,Neutral,3,Neutral,4,Buy,5,Strong Buy,5,Strong Buy
11/15/2023,5,Strong Buy,5,Strong Buy,3,Neutral,3,Neutral,4,Buy,5,Strong Buy,5,Strong Buy
11/16/2023,5,Strong Buy,5,Strong Buy,3,Neutral,3,Neutral,4,Buy,5,Strong Buy,5,Strong Buy
11/17/2023,5,Strong Buy,5,Strong Buy,3,Neutral,3,Neutral,4,Buy,5,Strong Buy,5,Strong Buy
11/20/2023,5,Strong Buy,5,Strong Buy,3,Neutral,3,Neutral,4,Buy,5,Strong Buy,5,Strong Buy
11/21/2023,5,Strong Buy,5,Strong Buy,3,Neutral,3,Neutral,4,Buy,5,Strong Buy,5,Strong Buy
11/22/2023,5,Strong Buy,5,Strong Buy,3,Neutral,3,Neutral,4,Buy,5,Strong Buy,5,Strong Buy
11/24/2023,5,Strong Buy,5,Strong Buy,3,Neutral,3,Neutral,4,Buy,5,Strong Buy,5,Strong Buy
11/27/2023,5,Strong Buy,5,Strong Buy,3,Neutral,3,Neutral,4,Buy,5,Strong Buy,5,Strong Buy
11/28/2023,5,Strong Buy,5,Strong Buy,3,Neutral,3,Neutral,4,Buy,5,Strong Buy,5,Strong Buy
11/29/2023,5,Strong Buy,5,Strong Buy,3,Neutral,3,Neutral,4,Buy,5,Strong Buy,5,Strong Buy
11/30/2023,5,Strong Buy,5,Strong Buy,3,Neutral,3,Neutral,4,Buy,5,Strong Buy,5,Strong Buy
12/1/2023,5,Strong Buy,5,Strong Buy,3,Neutral,3,Neutral,4,Buy,5,Strong Buy,5,Strong Buy
12/4/2023,5,Strong Buy,5,Strong Buy,3,Neutral,3,Neutral,4,Buy,5,Strong Buy,5,Strong Buy
12/5/2023,5,Strong Buy,5,Strong Buy,3,Neutral,3,Neutral,4,Buy,5,Strong Buy,5,Strong Buy
12/6/2023,5,Strong Buy,5,Strong Buy,3,Neutral,3,Neutral,4,Buy,5,Strong Buy,5,Strong Buy
12/7/2023,5,Strong Buy,5,Strong Buy,3,Neutral,3,Neutral,4,Buy,5,Strong Buy,5,Strong Buy
12/8/2023,5,Strong Buy,5,Strong Buy,3,Neutral,3,Neutral,4,Buy,5,Strong Buy,5,Strong Buy
12/11/2023,5,Strong Buy,5,Strong Buy,3,Neutral,3,Neutral,4,Buy,5,Strong Buy,5,Strong Buy
12/12/2023,5,Strong Buy,5,Strong Buy,3,Neutral,3,Neutral,4,Buy,5,Strong Buy,5,Strong Buy
12/13/2023,5,Strong Buy,5,Strong Buy,3,Neutral,3,Neutral,4,Buy,5,Strong Buy,5,Strong Buy
12/14/2023,5,Strong Buy,5,Strong Buy,3,Neutral,3,Neutral,4,Buy,5,Strong Buy,5,Strong Buy
12/15/2023,5,Strong Buy,5,Strong Buy,3,Neutral,3,Neutral,4,Buy,5,Strong Buy,5,Strong Buy
12/18/2023,5,Strong Buy,5,Strong Buy,3,Neutral,3,Neutral,4,Buy,5,Strong Buy,5,Strong Buy
12/19/2023,5,Strong Buy,5,Strong Buy,3,Neutral,3,Neutral,4,Buy,5,Strong Buy,5,Strong Buy
12/20/2023,5,Strong Buy,5,Strong Buy,3,Neutral,3,Neutral,4,Buy,5,Strong Buy,5,Strong Buy
12/21/2023,5,Strong Buy,5,Strong Buy,3,Neutral,3,Neutral,4,Buy,5,Strong Buy,5,Strong Buy
12/22/2023,5,Strong Buy,5,Strong Buy,3,Neutral,3,Neutral,4,Buy,5,Strong Buy,5,Strong Buy
12/26/2023,5,Strong Buy,5,Strong Buy,3,Neutral,3,Neutral,4,Buy,5,Strong Buy,5,Strong Buy
12/27/2023,5,Strong Buy,5,Strong Buy,3,Neutral,3,Neutral,4,Buy,5,Strong Buy,5,Strong Buy
12/28/2023,5,Strong Buy,5,Strong Buy,3,Neutral,3,Neutral,4,Buy,5,Strong Buy,5,Strong Buy
12/29/2023,5,Strong Buy,5,Strong Buy,3,Neutral,3,Neutral,4,Buy,5,Strong Buy,5,Strong Buy
1/2/2024,5,Strong Buy,5,Strong Buy,3,Neutral,3,Neutral,4,Buy,5,Strong Buy,5,Strong Buy
1/3/2024,5,Strong Buy,5,Strong Buy,3,Neutral,3,Neutral,4,Buy,5,Strong Buy,5,Strong Buy
1/4/2024,5,Strong Buy,5,Strong Buy,3,Neutral,3,Neutral,4,Buy,5,Strong Buy,5,Strong Buy
1/5/2024,5,Strong Buy,5,Strong Buy,3,Neutral,3,Neutral,4,Buy,5,Strong Buy,5,Strong Buy
1/8/2024,5,Strong Buy,5,Strong Buy,3,Neutral,3,Neutral,4,Buy,5,Strong Buy,5,Strong Buy
1/9/2024,5,Strong Buy,5,Strong Buy,3,Neutral,3,Neutral,4,Buy,5,Strong Buy,5,Strong Buy
1/10/2024,5,Strong Buy,5,Strong Buy,3,Neutral,3,Neutral,4,Buy,5,Strong Buy,5,Strong Buy
1/11/2024,5,Strong Buy,5,Strong Buy,3,Neutral,3,Neutral,4,Buy,5,Strong Buy,5,Strong Buy
1/12/2024,5,Strong Buy,5,Strong Buy,3,Neutral,3,Neutral,4,Buy,5,Strong Buy,5,Strong Buy
1/16/2024,5,Strong Buy,5,Strong Buy,3,Neutral,3,Neutral,4,Buy,5,Strong Buy,5,Strong Buy
1/17/2024,5,Strong Buy,5,Strong Buy,3,Neutral,3,Neutral,4,Buy,5,Strong Buy,5,Strong Buy
1/18/2024,5,Strong Buy,5,Strong Buy,3,Neutral,3,Neutral,4,Buy,5,Strong Buy,5,Strong Buy
1/19/2024,5,Strong Buy,3,Neutral,5,Strong Buy,5,Strong Buy,4,Buy,5,Strong Buy,5,Strong Buy
1/22/2024,5,Strong Buy,3,Neutral,5,Strong Buy,5,Strong Buy,4,Buy,5,Strong Buy,5,Strong Buy
1/23/2024,5,Strong Buy,3,Neutral,5,Strong Buy,5,Strong Buy,4,Buy,5,Strong Buy,5,Strong Buy
1/24/2024,5,Strong Buy,3,Neutral,5,Strong Buy,5,Strong Buy,4,Buy,5,Strong Buy,5,Strong Buy
1/25/2024,5,Strong Buy,3,Neutral,5,Strong Buy,5,Strong Buy,4,Buy,5,Strong Buy,5,Strong Buy
1/26/2024,5,Strong Buy,3,Neutral,5,Strong Buy,5,Strong Buy,4,Buy,5,Strong Buy,5,Strong Buy
1/29/2024,5,Strong Buy,3,Neutral,5,Strong Buy,5,Strong Buy,4,Buy,5,Strong Buy,5,Strong Buy
1/30/2024,5,Strong Buy,3,Neutral,5,Strong Buy,5,Strong Buy,4,Buy,5,Strong Buy,5,Strong Buy
1/31/2024,5,Strong Buy,3,Neutral,5,Strong Buy,5,Strong Buy,4,Buy,5,Strong Buy,5,Strong Buy
2/1/2024,5,Strong Buy,3,Neutral,5,Strong Buy,5,Strong Buy,4,Buy,5,Strong Buy,5,Strong Buy
2/2/2024,5,Strong Buy,3,Neutral,5,Strong Buy,5,Strong Buy,4,Buy,5,Strong Buy,5,Strong Buy
2/5/2024,5,Strong Buy,3,Neutral,5,Strong Buy,5,Strong Buy,4,Buy,5,Strong Buy,5,Strong Buy
2/6/2024,5,Strong Buy,3,Neutral,5,Strong Buy,5,Strong Buy,4,Buy,5,Strong Buy,5,Strong Buy
2/7/2024,5,Strong Buy,3,Neutral,5,Strong Buy,5,Strong Buy,4,Buy,5,Strong Buy,5,Strong Buy
2/8/2024,5,Strong Buy,3,Neutral,5,Strong Buy,5,Strong Buy,4,Buy,5,Strong Buy,5,Strong Buy
2/9/2024,5,Strong Buy,3,Neutral,5,Strong Buy,5,Strong Buy,4,Buy,5,Strong Buy,5,Strong Buy
2/12/2024,5,Strong Buy,3,Neutral,5,Strong Buy,5,Strong Buy,4,Buy,5,Strong Buy,5,Strong Buy
2/13/2024,5,Strong Buy,3,Neutral,5,Strong Buy,5,Strong Buy,4,Buy,5,Strong Buy,5,Strong Buy
2/14/2024,5,Strong Buy,3,Neutral,5,Strong Buy,5,Strong Buy,4,Buy,5,Strong Buy,5,Strong Buy
2/15/2024,5,Strong Buy,3,Neutral,5,Strong Buy,5,Strong Buy,4,Buy,5,Strong Buy,5,Strong Buy
2/16/2024,5,Strong Buy,3,Neutral,5,Strong Buy,5,Strong Buy,4,Buy,5,Strong Buy,5,Strong Buy
2/20/2024,5,Strong Buy,3,Neutral,5,Strong Buy,5,Strong Buy,4,Buy,5,Strong Buy,5,Strong Buy
2/21/2024,5,Strong Buy,3,Neutral,5,Strong Buy,5,Strong Buy,4,Buy,5,Strong Buy,5,Strong Buy
2/22/2024,5,Strong Buy,3,Neutral,5,Strong Buy,5,Strong Buy,4,Buy,5,Strong Buy,5,Strong Buy
2/23/2024,5,Strong Buy,3,Neutral,5,Strong Buy,5,Strong Buy,4,Buy,5,Strong Buy,5,Strong Buy
2/26/2024,5,Strong Buy,3,Neutral,5,Strong Buy,5,Strong Buy,3,Neutral,5,Strong Buy,5,Strong Buy
2/27/2024,5,Strong Buy,3,Neutral,5,Strong Buy,5,Strong Buy,3,Neutral,5,Strong Buy,5,Strong Buy
2/28/2024,5,Strong Buy,3,Neutral,5,Strong Buy,5,Strong Buy,3,Neutral,5,Strong Buy,5,Strong Buy
2/29/2024,5,Strong Buy,3,Neutral,5,Strong Buy,5,Strong Buy,3,Neutral,5,Strong Buy,5,Strong Buy
3/1/2024,5,Strong Buy,3,Neutral,5,Strong Buy,5,Strong Buy,3,Neutral,5,Strong Buy,5,Strong Buy
3/4/2024,5,Strong Buy,3,Neutral,5,Strong Buy,5,Strong Buy,3,Neutral,5,Strong Buy,5,Strong Buy
3/5/2024,5,Strong Buy,3,Neutral,5,Strong Buy,5,Strong Buy,3,Neutral,5,Strong Buy,5,Strong Buy
