,Representative,ReportDate,TransactionDate,Ticker,Transaction,Range,House,Amount,Party,last_modified
12,Suzan K. Delbene,3/8/2024,2/29/2024,MSFT,Sale,"$100,001 - $250,000",Representatives,100001,D,3/11/2024
60,Josh Gottheimer,3/7/2024,2/13/2024,MSFT,Purchase,"$1,000,001 - $5,000,000",Representatives,1000001,D,3/8/2024
61,Josh Gottheimer,3/7/2024,2/13/2024,MSFT,Sale,"$1,000,001 - $5,000,000",Representatives,1000001,D,3/8/2024
62,Josh Gottheimer,3/7/2024,2/13/2024,MSFT,Sale,"$500,001 - $1,000,000",Representatives,500001,D,3/8/2024
63,Josh Gottheimer,3/7/2024,2/13/2024,MSFT,Purchase,"$500,001 - $1,000,000",Representatives,500001,D,3/8/2024
79,Josh Gottheimer,3/7/2024,2/12/2024,MSFT,Sale,"$1,000,001 - $5,000,000",Representatives,1000001,D,3/8/2024
80,Josh Gottheimer,3/7/2024,2/12/2024,MSFT,Sale,"$1,000,001 - $5,000,000",Representatives,1000001,D,3/8/2024
81,Josh Gottheimer,3/7/2024,2/12/2024,MSFT,Sale,"$1,000,001 - $5,000,000",Representatives,1000001,D,3/8/2024
83,Josh Gottheimer,3/7/2024,2/12/2024,MSFT,Purchase,"$1,000,001 - $5,000,000",Representatives,1000001,D,3/8/2024
84,Josh Gottheimer,3/7/2024,2/12/2024,MSFT,Purchase,"$500,001 - $1,000,000",Representatives,500001,D,3/8/2024
85,Josh Gottheimer,3/7/2024,2/12/2024,MSFT,Sale,"$1,000,001 - $5,000,000",Representatives,1000001,D,3/8/2024
86,Josh Gottheimer,3/7/2024,2/12/2024,MSFT,Purchase,"$1,000,001 - $5,000,000",Representatives,1000001,D,3/8/2024
87,Josh Gottheimer,3/7/2024,2/12/2024,MSFT,Purchase,"$1,000,001 - $5,000,000",Representatives,1000001,D,3/8/2024
89,Josh Gottheimer,3/7/2024,2/12/2024,MSFT,Purchase,"$1,000,001 - $5,000,000",Representatives,1000001,D,3/8/2024
90,Josh Gottheimer,3/7/2024,2/12/2024,MSFT,Sale,"$500,001 - $1,000,000",Representatives,500001,D,3/8/2024
97,Josh Gottheimer,3/7/2024,2/8/2024,MSFT,Sale,"$1,001 - $15,000",Representatives,1001,D,3/8/2024
107,Pete Sessions,2/29/2024,2/7/2024,MSFT,Purchase,"$1,001 - $15,000",Representatives,1001,R,3/1/2024
143,Shri Thanedar,2/23/2024,1/25/2024,MSFT,Sale,"$1,001 - $15,000",Representatives,1001,D,2/26/2024
146,Shri Thanedar,2/23/2024,1/25/2024,MSFT,Sale,"$1,001 - $15,000",Representatives,1001,D,2/26/2024
217,Kathy Manning,2/6/2024,1/23/2024,MSFT,Purchase,"$1,001 - $15,000",Representatives,1001,D,2/7/2024
227,Kathy Manning,2/6/2024,1/23/2024,MSFT,Purchase,"$1,001 - $15,000",Representatives,1001,D,2/7/2024
232,Kathy Manning,2/6/2024,1/23/2024,MSFT,Purchase,"$1,001 - $15,000",Representatives,1001,D,2/7/2024
322,Blake Moore,1/24/2024,1/19/2024,MSFT,Sale,"$1,001 - $15,000",Representatives,1001,R,1/24/2024
324,Blake Moore,1/24/2024,1/19/2024,MSFT,Sale,"$15,001 - $50,000",Representatives,15001,R,1/24/2024
327,Blake Moore,1/24/2024,1/19/2024,MSFT,Sale,"$1,001 - $15,000",Representatives,1001,R,1/24/2024
342,Josh Gottheimer,2/15/2024,1/18/2024,MSFT,Sale,"$1,001 - $15,000",Representatives,1001,D,2/16/2024
432,Tommy Tuberville,2/14/2024,1/3/2024,MSFT,Sale (Partial),"$15,001 - $50,000",Senate,15001,R,2/15/2024
552,Shelley Moore Capito,1/12/2024,12/19/2023,MSFT,Sale (Partial),"$1,001 - $15,000",Senate,1001,R,1/12/2024
554,Shelley Moore Capito,1/12/2024,12/18/2023,MSFT,Sale (Partial),"$1,001 - $15,000",Senate,1001,R,1/12/2024
580,Jerry Moran,1/17/2024,12/14/2023,MSFT,Sale (Full),"$1,001 - $15,000",Senate,1001,R,1/17/2024
589,Jerry Moran,1/17/2024,12/14/2023,MSFT,Sale (Full),"$1,001 - $15,000",Senate,1001,R,1/17/2024
739,John Curtis,12/15/2023,12/4/2023,MSFT,Sale,"$15,001 - $50,000",Representatives,15001,R,
799,Shelley Moore Capito,12/11/2023,11/30/2023,MSFT,Sale (Partial),"$1,001 - $15,000",Senate,1001,R,12/11/2023
864,Josh Gottheimer,12/8/2023,11/14/2023,MSFT,Sale,"$5,000,001 - $25,000,000",Representatives,5000001,D,12/11/2023
865,Josh Gottheimer,12/8/2023,11/14/2023,MSFT,Purchase,"$5,000,001 - $25,000,000",Representatives,5000001,D,12/11/2023
866,Josh Gottheimer,12/8/2023,11/14/2023,MSFT,Purchase,"$1,000,001 - $5,000,000",Representatives,1000001,D,12/11/2023
867,Josh Gottheimer,12/8/2023,11/14/2023,MSFT,Sale,"$1,000,001 - $5,000,000",Representatives,1000001,D,12/11/2023
884,Tommy Tuberville,12/15/2023,11/9/2023,MSFT,Sale (Full),"$1,001 - $15,000",Senate,1001,R,
918,Pete Sessions,11/7/2023,11/1/2023,MSFT,Sale,"$15,001 - $50,000",Representatives,15001,R,11/16/2023
963,Josh Gottheimer,11/11/2023,10/27/2023,MSFT,Purchase,"$1,001 - $15,000",Representatives,1001,D,11/16/2023
1053,HON. GREG STANTON,11/9/2023,10/24/2023,MSFT,Sale,"$15,001 - $50,000",Representatives,15001,D,11/20/2023
1190,Josh Gottheimer,11/11/2023,10/11/2023,MSFT,Sale,"$1,001 - $15,000",Representatives,1001,D,11/16/2023
1250,Markwayne Mullin,11/1/2023,10/3/2023,MSFT,Purchase,"$1,001 - $15,000",Senate,1001,R,11/2/2023
1282,Robert J. Wittman,10/19/2023,9/28/2023,MSFT,Sale,"$1,001 - $15,000",Representatives,1001,R,11/16/2023
1366,HON. GREG STANTON,11/9/2023,9/26/2023,MSFT,Purchase,"$15,001 - $50,000",Representatives,15001,D,11/20/2023
1447,Pete Sessions,9/23/2023,9/20/2023,MSFT,Purchase,"$1,001 - $15,000",Representatives,1001,R,11/16/2023
1484,Michael C. Burgess,10/3/2023,9/15/2023,MSFT,Sale,"$15,001 - $50,000",Representatives,15001,R,11/16/2023
1547,Markwayne Mullin,10/12/2023,9/13/2023,MSFT,Purchase,"$15,001 - $50,000",Senate,15001,R,10/13/2023
1599,C. Scott Franklin,10/12/2023,9/11/2023,MSFT,Sale,"$15,001 - $50,000",Representatives,15001,R,11/16/2023
1743,Suzan K. Delbene,9/11/2023,8/31/2023,MSFT,Sale,"$500,001 - $1,000,000",Representatives,500001,D,11/16/2023
1749,Suzan K. Delbene,9/11/2023,8/30/2023,MSFT,Sale,"$250,001 - $500,000",Representatives,250001,D,11/16/2023
1792,Shelley Moore Capito,9/15/2023,8/22/2023,MSFT,Sale (Partial),"$1,001 - $15,000",Senate,1001,R,9/16/2023
1794,Dan Sullivan,9/18/2023,8/22/2023,MSFT,Sale (Full),"$50,001 - $100,000",Senate,50001,R,9/18/2023
1849,Josh Gottheimer,9/16/2023,8/15/2023,MSFT,Purchase,"$1,000,001 - $5,000,000",Representatives,1000001,D,11/16/2023
1850,Josh Gottheimer,9/16/2023,8/15/2023,MSFT,Sale,"$1,000,001 - $5,000,000",Representatives,1000001,D,11/16/2023
1851,Josh Gottheimer,9/16/2023,8/15/2023,MSFT,Sale,"$1,000,001 - $5,000,000",Representatives,1000001,D,11/16/2023
1852,Josh Gottheimer,9/16/2023,8/15/2023,MSFT,Purchase,"$1,000,001 - $5,000,000",Representatives,1000001,D,11/16/2023
1924,Michael Patrick Guest,8/23/2023,8/7/2023,MSFT,Purchase,"$1,001 - $15,000",Representatives,1001,R,11/16/2023
2019,Josh Gottheimer,8/21/2023,7/18/2023,MSFT,Sale,"$1,001 - $15,000",Representatives,1001,D,11/16/2023
2567,Josh Gottheimer,8/21/2023,7/7/2023,MSFT,Sale,"$1,001 - $15,000",Representatives,1001,D,11/16/2023
2638,Shelley Moore Capito,7/17/2023,6/22/2023,MSFT,Sale (Partial),"$1,001 - $15,000",Senate,1001,R,8/28/2023
2658,John Curtis,8/7/2023,6/21/2023,MSFT,Sale,"$1,001 - $15,000",Representatives,1001,R,11/16/2023
2669,Tommy Tuberville,7/14/2023,6/20/2023,MSFT,Sale (Full),"$250,001 - $500,000",Senate,250001,R,8/28/2023
2691,Nancy Pelosi,6/22/2023,6/15/2023,MSFT,Purchase,"$500,001 - $1,000,000",Representatives,500001,D,11/16/2023
2730,Shelley Moore Capito,7/17/2023,6/12/2023,MSFT,Sale (Partial),"$15,001 - $50,000",Senate,15001,R,8/28/2023
2783,Josh Gottheimer,7/11/2023,6/1/2023,MSFT,Purchase,"$1,001 - $15,000",Representatives,1001,D,11/16/2023
2791,Josh Gottheimer,6/11/2023,5/30/2023,MSFT,Purchase,"$1,001 - $15,000",Representatives,1001,D,11/16/2023
2958,Josh Gottheimer,6/11/2023,5/16/2023,MSFT,Purchase,"$1,000,001 - $5,000,000",Representatives,1000001,D,11/16/2023
2959,Josh Gottheimer,6/11/2023,5/16/2023,MSFT,Sale,"$1,000,001 - $5,000,000",Representatives,1000001,D,11/16/2023
2973,Josh Gottheimer,6/11/2023,5/15/2023,MSFT,Purchase,"$1,000,001 - $5,000,000",Representatives,1000001,D,11/16/2023
2975,Josh Gottheimer,6/11/2023,5/15/2023,MSFT,Sale,"$1,000,001 - $5,000,000",Representatives,1000001,D,11/16/2023
2976,Josh Gottheimer,6/11/2023,5/15/2023,MSFT,Sale,"$1,000,001 - $5,000,000",Representatives,1000001,D,11/16/2023
2977,Josh Gottheimer,6/11/2023,5/15/2023,MSFT,Purchase,"$500,001 - $1,000,000",Representatives,500001,D,11/16/2023
2978,Josh Gottheimer,6/11/2023,5/15/2023,MSFT,Purchase,"$1,000,001 - $5,000,000",Representatives,1000001,D,11/16/2023
2979,Josh Gottheimer,6/11/2023,5/15/2023,MSFT,Sale,"$1,000,001 - $5,000,000",Representatives,1000001,D,11/16/2023
2987,John Curtis,6/2/2023,5/11/2023,MSFT,Sale,"$1,001 - $15,000",Representatives,1001,R,11/16/2023
3073,Kathy Manning,5/19/2023,4/28/2023,MSFT,Purchase,"$15,001 - $50,000",Representatives,15001,D,11/16/2023
3086,Kathy Manning,5/19/2023,4/28/2023,MSFT,Purchase,"$1,001 - $15,000",Representatives,1001,D,11/16/2023
3102,Kathy Manning,5/19/2023,4/28/2023,MSFT,Purchase,"$1,001 - $15,000",Representatives,1001,D,11/16/2023
3154,Josh Gottheimer,5/19/2023,4/27/2023,MSFT,Sale,"$1,001 - $15,000",Representatives,1001,D,11/16/2023
3291,Deborah Ross,4/14/2023,4/10/2023,MSFT,Sale,"$1,001 - $15,000",Representatives,1001,D,11/16/2023
3297,Michael C. Burgess,4/14/2023,4/10/2023,MSFT,Sale,"$15,001 - $50,000",Representatives,15001,R,11/16/2023
3299,Daniel Goldman,5/19/2023,4/10/2023,MSFT,Purchase,"$15,001 - $50,000",Representatives,15001,D,11/16/2023
3303,Josh Gottheimer,5/19/2023,4/10/2023,MSFT,Purchase,"$1,001 - $15,000",Representatives,1001,D,11/16/2023
3487,Tommy Tuberville,5/11/2023,4/3/2023,MSFT,Sale (Partial),"$15,001 - $50,000",Senate,15001,R,8/28/2023
3570,Josh Gottheimer,4/20/2023,3/31/2023,MSFT,Purchase,"$1,001 - $15,000",Representatives,1001,D,11/16/2023
3651,Josh Gottheimer,4/20/2023,3/24/2023,MSFT,Purchase,"$1,001 - $15,000",Representatives,1001,D,11/16/2023
3831,Daniel Goldman,4/17/2023,3/6/2023,MSFT,Purchase,"$50,001 - $100,000",Representatives,50001,D,11/16/2023
4041,Josh Gottheimer,3/17/2023,2/27/2023,MSFT,Purchase,"$1,001 - $15,000",Representatives,1001,D,11/16/2023
4087,Michael C. Burgess,3/3/2023,2/24/2023,MSFT,Purchase,"$15,001 - $50,000",Representatives,15001,R,11/16/2023
4121,John Curtis,3/13/2023,2/23/2023,MSFT,Sale,"$1,001 - $15,000",Representatives,1001,R,11/16/2023
4138,Scott Mr Franklin,3/7/2023,2/21/2023,MSFT,Sale,"$15,001 - $50,000",Representatives,15001,R,11/16/2023
4200,Scott Mr Franklin,3/7/2023,2/15/2023,MSFT,Sale,"$15,001 - $50,000",Representatives,15001,R,11/16/2023
4230,Josh Gottheimer,3/17/2023,2/14/2023,MSFT,Purchase,"$1,000,001 - $5,000,000",Representatives,1000001,D,11/16/2023
4232,Josh Gottheimer,3/17/2023,2/14/2023,MSFT,Sale,"$1,000,001 - $5,000,000",Representatives,1000001,D,11/16/2023
4246,Josh Gottheimer,3/17/2023,2/13/2023,MSFT,Purchase,"$1,000,001 - $5,000,000",Representatives,1000001,D,11/16/2023
4248,Josh Gottheimer,3/17/2023,2/13/2023,MSFT,Sale,"$500,001 - $1,000,000",Representatives,500001,D,11/16/2023
4250,Josh Gottheimer,3/17/2023,2/13/2023,MSFT,Sale,"$1,000,001 - $5,000,000",Representatives,1000001,D,11/16/2023
4252,Josh Gottheimer,3/17/2023,2/13/2023,MSFT,Sale,"$500,001 - $1,000,000",Representatives,500001,D,11/16/2023
4254,Josh Gottheimer,3/17/2023,2/13/2023,MSFT,Purchase,"$500,001 - $1,000,000",Representatives,500001,D,11/16/2023
4255,Josh Gottheimer,3/17/2023,2/13/2023,MSFT,Sale,"$250,001 - $500,000",Representatives,250001,D,11/16/2023
4280,Robert J. Wittman,3/5/2023,2/3/2023,MSFT,Sale,"$1,001 - $15,000",Representatives,1001,R,11/16/2023
4292,Deborah Ross,2/13/2023,2/1/2023,MSFT,Sale,"$1,001 - $15,000",Representatives,1001,D,11/16/2023
4368,Kevin Hern,2/14/2023,1/31/2023,MSFT,Sale,"$15,001 - $50,000",Representatives,15001,R,11/16/2023
4412,Daniel Goldman,2/24/2023,1/31/2023,MSFT,Sale,"$50,001 - $100,000",Representatives,50001,D,11/16/2023
4456,Deborah Ross,2/13/2023,1/30/2023,MSFT,Sale,"$1,001 - $15,000",Representatives,1001,D,11/16/2023
4462,Josh Gottheimer,2/17/2023,1/27/2023,MSFT,Sale,"$1,001 - $15,000",Representatives,1001,D,11/16/2023
4674,Kevin Hern,2/14/2023,1/4/2023,MSFT,Sale,"$1,000,001 - $5,000,000",Representatives,1000001,R,11/16/2023
4675,Josh Gottheimer,2/17/2023,1/4/2023,MSFT,Sale,"$500,001 - $1,000,000",Representatives,500001,D,11/16/2023
4676,Josh Gottheimer,2/17/2023,1/4/2023,MSFT,Sale,"$500,001 - $1,000,000",Representatives,500001,D,11/16/2023
4677,Josh Gottheimer,2/17/2023,1/4/2023,MSFT,Purchase,"$500,001 - $1,000,000",Representatives,500001,D,11/16/2023
4678,Josh Gottheimer,2/17/2023,1/4/2023,MSFT,Sale,"$250,001 - $500,000",Representatives,250001,D,11/16/2023
4679,Josh Gottheimer,2/17/2023,1/4/2023,MSFT,Purchase,"$500,001 - $1,000,000",Representatives,500001,D,11/16/2023
4680,Josh Gottheimer,2/17/2023,1/4/2023,MSFT,Purchase,"$250,001 - $500,000",Representatives,250001,D,11/16/2023
4838,Kevin Hern,1/13/2023,12/8/2022,MSFT,Purchase,"$1,001 - $15,000",Representatives,1001,R,11/16/2023
4880,Dan Sullivan,12/21/2022,11/30/2022,MSFT,Purchase,"$15,001 - $50,000",Senate,15001,R,8/28/2023
4998,Tommy Tuberville,12/14/2022,11/23/2022,MSFT,Purchase,"$1,001 - $15,000",Senate,1001,R,8/28/2023
5000,Tommy Tuberville,12/14/2022,11/23/2022,MSFT,Sale (Full),"$15,001 - $50,000",Senate,15001,R,8/28/2023
5018,Dan Sullivan,12/21/2022,11/22/2022,MSFT,Purchase,"$1,001 - $15,000",Senate,1001,R,8/28/2023
5021,Dan Sullivan,12/21/2022,11/22/2022,MSFT,Purchase,"$1,001 - $15,000",Senate,1001,R,8/28/2023
5023,Tommy Tuberville,12/14/2022,11/22/2022,MSFT,Sale (Partial),"$100,001 - $250,000",Senate,100001,R,8/28/2023
5025,Dan Sullivan,12/21/2022,11/22/2022,MSFT,Purchase,"$1,001 - $15,000",Senate,1001,R,8/28/2023
5198,Tommy Tuberville,11/10/2022,10/28/2022,MSFT,Sale (Full),"$1,001 - $15,000",Senate,1001,R,8/28/2023
5200,Tommy Tuberville,11/10/2022,10/28/2022,MSFT,Sale (Full),"$1,001 - $15,000",Senate,1001,R,8/28/2023
5201,Tommy Tuberville,11/10/2022,10/28/2022,MSFT,Sale (Full),"$1,001 - $15,000",Senate,1001,R,8/28/2023
5202,Josh Gottheimer,11/10/2022,10/27/2022,MSFT,Sale,"$1,001 - $15,000",Representatives,1001,D,11/16/2023
5231,Tommy Tuberville,11/10/2022,10/24/2022,MSFT,Purchase,"$15,001 - $50,000",Senate,15001,R,8/28/2023
5264,Josh Gottheimer,11/10/2022,10/18/2022,MSFT,Sale,"$1,001 - $15,000",Representatives,1001,D,11/16/2023
5270,Shelley Moore Capito,11/13/2022,10/17/2022,MSFT,Sale (Partial),"$1,001 - $15,000",Senate,1001,R,8/28/2023
5307,Tommy Tuberville,11/10/2022,10/13/2022,MSFT,Purchase,"$250,001 - $500,000",Senate,250001,R,8/28/2023
5320,Kathy Manning,11/10/2022,10/12/2022,MSFT,Purchase,"$1,001 - $15,000",Representatives,1001,D,11/16/2023
5458,Tommy Tuberville,11/10/2022,10/5/2022,MSFT,Sale (Partial),"$100,001 - $250,000",Senate,100001,R,8/28/2023
5535,Tommy Tuberville,10/12/2022,9/20/2022,MSFT,Sale (Partial),"$1,001 - $15,000",Senate,1001,R,8/28/2023
5548,Tommy Tuberville,10/12/2022,9/19/2022,MSFT,Purchase,"$250,001 - $500,000",Senate,250001,R,8/28/2023
5598,Scott Franklin,10/11/2022,9/13/2022,MSFT,Purchase,"$15,001 - $50,000",Representatives,15001,R,11/16/2023
5603,Kathy Manning,10/11/2022,9/12/2022,MSFT,Sale,"$1,001 - $15,000",Representatives,1001,D,11/16/2023
5742,Josh Gottheimer,9/16/2022,8/17/2022,MSFT,Sale,"$100,001 - $250,000",Representatives,100001,D,11/16/2023
5743,Josh Gottheimer,9/16/2022,8/17/2022,MSFT,Purchase,"$100,001 - $250,000",Representatives,100001,D,11/16/2023
5744,Josh Gottheimer,9/16/2022,8/17/2022,MSFT,Sale,"$100,001 - $250,000",Representatives,100001,D,11/16/2023
5771,Josh Gottheimer,9/16/2022,8/11/2022,MSFT,Sale,"$250,001 - $500,000",Representatives,250001,D,11/16/2023
5772,Josh Gottheimer,9/16/2022,8/11/2022,MSFT,Purchase,"$1,000,001 - $5,000,000",Representatives,1000001,D,11/16/2023
5773,Josh Gottheimer,9/16/2022,8/11/2022,MSFT,Purchase,"$250,001 - $500,000",Representatives,250001,D,11/16/2023
5774,Josh Gottheimer,9/16/2022,8/11/2022,MSFT,Sale,"$1,000,001 - $5,000,000",Representatives,1000001,D,11/16/2023
5775,Josh Gottheimer,9/16/2022,8/11/2022,MSFT,Purchase,"$1,000,001 - $5,000,000",Representatives,1000001,D,11/16/2023
5776,Josh Gottheimer,9/16/2022,8/11/2022,MSFT,Purchase,"$1,000,001 - $5,000,000",Representatives,1000001,D,11/16/2023
5777,Josh Gottheimer,9/16/2022,8/11/2022,MSFT,Purchase,"$250,001 - $500,000",Representatives,250001,D,11/16/2023
5778,Josh Gottheimer,9/16/2022,8/11/2022,MSFT,Sale,"$1,000,001 - $5,000,000",Representatives,1000001,D,11/16/2023
5779,Josh Gottheimer,9/16/2022,8/11/2022,MSFT,Sale,"$250,001 - $500,000",Representatives,250001,D,11/16/2023
5780,Josh Gottheimer,9/16/2022,8/11/2022,MSFT,Sale,"$250,001 - $500,000",Representatives,250001,D,11/16/2023
5782,Josh Gottheimer,9/16/2022,8/11/2022,MSFT,Sale,"$1,000,001 - $5,000,000",Representatives,1000001,D,11/16/2023
5783,Josh Gottheimer,9/16/2022,8/11/2022,MSFT,Purchase,"$250,001 - $500,000",Representatives,250001,D,11/16/2023
5813,Robert J. Wittman,9/10/2022,8/10/2022,MSFT,Purchase,"$1,001 - $15,000",Representatives,1001,R,11/16/2023
5876,Kathy Manning,9/14/2022,8/5/2022,MSFT,Purchase,"$1,001 - $15,000",Representatives,1001,D,11/16/2023
6036,Kathy Manning,8/10/2022,7/27/2022,MSFT,Purchase,"$1,001 - $15,000",Representatives,1001,D,11/16/2023
6049,Kathy Manning,8/10/2022,7/27/2022,MSFT,Purchase,"$1,001 - $15,000",Representatives,1001,D,11/16/2023
6050,Kathy Manning,8/10/2022,7/27/2022,MSFT,Purchase,"$15,001 - $50,000",Representatives,15001,D,11/16/2023
6067,Kathy Manning,8/10/2022,7/27/2022,MSFT,Purchase,"$1,001 - $15,000",Representatives,1001,D,11/16/2023
6253,Kathy Manning,8/10/2022,7/15/2022,MSFT,Purchase,"$1,001 - $15,000",Representatives,1001,D,11/16/2023
6273,Josh Gottheimer,8/29/2022,7/15/2022,MSFT,Purchase,"$1,001 - $15,000",Representatives,1001,D,11/16/2023
6425,Shelley Moore Capito,7/15/2022,6/17/2022,MSFT,Sale (Partial),"$1,001 - $15,000",Senate,1001,R,8/28/2023
6511,Josh Gottheimer,7/22/2022,6/14/2022,MSFT,Sale,"$1,001 - $15,000",Representatives,1001,D,11/16/2023
6574,Kevin Hern,7/15/2022,6/9/2022,MSFT,Purchase,"$1,001 - $15,000",Representatives,1001,R,11/16/2023
6636,Nancy Pelosi,6/3/2022,5/24/2022,MSFT,Purchase,"$250,001 - $500,000",Representatives,250001,D,11/16/2023
6637,Nancy Pelosi,6/3/2022,5/24/2022,MSFT,Purchase,"$50,001 - $100,000",Representatives,50001,D,11/16/2023
6697,Ed Perlmutter,6/16/2022,5/13/2022,MSFT,Sale,"$1,001 - $15,000",Representatives,1001,D,11/16/2023
6874,Pete Sessions,4/17/2022,4/15/2022,MSFT,Purchase,"$1,001 - $15,000",Representatives,1001,R,11/16/2023
6890,August Lee Pfluger Ii,5/25/2022,4/12/2022,MSFT,Sale,"$15,001 - $50,000",Representatives,15001,R,11/16/2023
7066,Tommy Tuberville,4/8/2022,3/22/2022,MSFT,Sale (Full),"$15,001 - $50,000",Senate,15001,R,8/28/2023
7253,Kevin Hern,4/12/2022,3/10/2022,MSFT,Purchase,"$1,001 - $15,000",Representatives,1001,R,11/16/2023
7290,Josh Gottheimer,4/17/2022,3/9/2022,MSFT,Purchase,"$1,001 - $15,000",Representatives,1001,D,11/16/2023
7296,Dan Newhouse,5/26/2023,3/8/2022,MSFT,Purchase,"$1,001 - $15,000",Representatives,1001,R,11/16/2023
7412,Donald Sternoff Beyer Jr.,3/3/2022,2/28/2022,MSFT,Sale,"$15,001 - $50,000",Representatives,15001,D,11/16/2023
7457,Virginia Foxx,3/7/2022,2/24/2022,MSFT,Sale,"$15,001 - $50,000",Representatives,15001,R,11/16/2023
7459,Shelley Moore Capito,3/11/2022,2/24/2022,MSFT,Sale (Partial),"$1,001 - $15,000",Senate,1001,R,8/28/2023
7501,Pete Sessions,2/18/2022,2/23/2022,MSFT,Purchase,"$1,001 - $15,000",Representatives,1001,R,11/16/2023
7612,Josh Gottheimer,3/18/2022,2/10/2022,MSFT,Sale,"$250,001 - $500,000",Representatives,250001,D,11/16/2023
7613,Josh Gottheimer,3/18/2022,2/10/2022,MSFT,Purchase,"$500,001 - $1,000,000",Representatives,500001,D,11/16/2023
7616,Josh Gottheimer,3/18/2022,2/10/2022,MSFT,Sale,"$250,001 - $500,000",Representatives,250001,D,11/16/2023
7617,Josh Gottheimer,3/18/2022,2/10/2022,MSFT,Sale,"$1,000,001 - $5,000,000",Representatives,1000001,D,11/16/2023
7618,Josh Gottheimer,3/18/2022,2/10/2022,MSFT,Purchase,"$500,001 - $1,000,000",Representatives,500001,D,11/16/2023
7619,Josh Gottheimer,3/18/2022,2/10/2022,MSFT,Sale,"$500,001 - $1,000,000",Representatives,500001,D,11/16/2023
7620,Josh Gottheimer,3/18/2022,2/10/2022,MSFT,Purchase,"$1,000,001 - $5,000,000",Representatives,1000001,D,11/16/2023
7652,Suzan K. Delbene,3/9/2022,2/9/2022,MSFT,Purchase,"$5,000,001 - $25,000,000",Representatives,5000001,D,11/16/2023
7718,Tommy Tuberville,3/11/2022,2/1/2022,MSFT,Sale (Full),"$15,001 - $50,000",Senate,15001,R,8/28/2023
7776,Deborah K. Ross,2/19/2022,1/27/2022,MSFT,Sale,"$1,001 - $15,000",Representatives,1001,D,11/16/2023
7819,Josh Gottheimer,2/18/2022,1/25/2022,MSFT,Purchase,"$50,001 - $100,000",Representatives,50001,D,11/16/2023
7840,Deborah K. Ross,2/19/2022,1/21/2022,MSFT,Sale,"$1,001 - $15,000",Representatives,1001,D,11/16/2023
7985,Tommy Tuberville,2/14/2022,1/14/2022,MSFT,Sale (Full),"$15,001 - $50,000",Senate,15001,R,8/28/2023
8107,Virginia Foxx,2/4/2022,1/5/2022,MSFT,Purchase,"$15,001 - $50,000",Representatives,15001,R,11/16/2023
8110,Deborah K. Ross,1/8/2022,1/4/2022,MSFT,Sale,"$1,001 - $15,000",Representatives,1001,D,11/16/2023
8132,Kathy Manning,2/11/2022,12/31/2021,MSFT,Sale,"$1,001 - $15,000",Representatives,1001,D,11/16/2023
8244,Jerry Moran,1/21/2022,12/21/2021,MSFT,Sale (Partial),"$1,001 - $15,000",Senate,1001,R,8/28/2023
8247,Jerry Moran,1/21/2022,12/21/2021,MSFT,Sale (Partial),"$1,001 - $15,000",Senate,1001,R,8/28/2023
8293,Shelley Moore Capito,1/15/2022,12/17/2021,MSFT,Sale (Partial),"$1,001 - $15,000",Senate,1001,R,8/28/2023
8368,Kevin Hern,1/11/2022,12/9/2021,MSFT,Purchase,"$1,001 - $15,000",Representatives,1001,R,11/16/2023
8369,Deborah K. Ross,1/8/2022,12/9/2021,MSFT,Sale,"$1,001 - $15,000",Representatives,1001,D,11/16/2023
8387,Josh Gottheimer,1/10/2022,12/6/2021,MSFT,Sale,"$1,001 - $15,000",Representatives,1001,D,11/16/2023
8406,Michael C. Burgess,12/31/2021,12/2/2021,MSFT,Purchase,"$1,001 - $15,000",Representatives,1001,R,11/16/2023
8473,Thomas Suozzi,12/1/2021,11/24/2021,MSFT,Purchase,"$50,001 - $100,000",Representatives,50001,D,11/16/2023
8487,Tommy Tuberville,12/10/2021,11/22/2021,MSFT,Purchase,"$1,001 - $15,000",Senate,1001,R,8/28/2023
8552,Josh Gottheimer,12/13/2021,11/15/2021,MSFT,Purchase,"$5,000,001 - $25,000,000",Representatives,5000001,D,11/16/2023
8553,Josh Gottheimer,12/13/2021,11/15/2021,MSFT,Sale,"$500,001 - $1,000,000",Representatives,500001,D,11/16/2023
8558,Josh Gottheimer,12/13/2021,11/15/2021,MSFT,Purchase,"$500,001 - $1,000,000",Representatives,500001,D,11/16/2023
8562,Josh Gottheimer,12/13/2021,11/15/2021,MSFT,Purchase,"$1,000,001 - $5,000,000",Representatives,1000001,D,11/16/2023
8564,Josh Gottheimer,12/13/2021,11/15/2021,MSFT,Sale,"$1,000,001 - $5,000,000",Representatives,1000001,D,11/16/2023
8565,Josh Gottheimer,12/13/2021,11/15/2021,MSFT,Sale,"$5,000,001 - $25,000,000",Representatives,5000001,D,11/16/2023
8695,John Hickenlooper,12/10/2021,11/1/2021,MSFT,Sale (Full),"$250,001 - $500,000",Senate,250001,D,8/28/2023
8730,Josh Gottheimer,11/15/2021,10/28/2021,MSFT,Purchase,"$15,001 - $50,000",Representatives,15001,D,11/16/2023
8813,Josh Gottheimer,11/15/2021,10/19/2021,MSFT,Purchase,"$1,001 - $15,000",Representatives,1001,D,11/16/2023
8838,Suzan K. Delbene,10/29/2021,10/18/2021,MSFT,Sale,"$5,000,001 - $25,000,000",Representatives,5000001,D,11/16/2023
9153,Katherine M. Clark,10/14/2021,9/16/2021,MSFT,Sale,"$1,001 - $15,000",Representatives,1001,D,11/16/2023
9231,Kevin Hern,10/7/2021,9/9/2021,MSFT,Purchase,"$1,001 - $15,000",Representatives,1001,R,11/16/2023
9240,Pete Sessions,2/11/2022,9/8/2021,MSFT,Purchase,"$1,001 - $15,000",Representatives,1001,R,11/16/2023
9258,Suzan K. Delbene,10/15/2021,9/3/2021,MSFT,Sale,"$5,000,001 - $25,000,000",Representatives,5000001,D,11/16/2023
9332,Suzan K. Delbene,9/15/2021,8/31/2021,MSFT,Purchase,"$5,000,001 - $25,000,000",Representatives,5000001,D,11/16/2023
9340,Suzan K. Delbene,9/15/2021,8/30/2021,MSFT,Purchase,"$250,001 - $500,000",Representatives,250001,D,11/16/2023
9412,Pete Sessions,2/11/2022,8/19/2021,MSFT,Purchase,"$1,001 - $15,000",Representatives,1001,R,11/16/2023
9425,Shelley Moore Capito,9/15/2021,8/17/2021,MSFT,Sale (Partial),"$1,001 - $15,000",Senate,1001,R,8/28/2023
9435,Josh Gottheimer,9/20/2021,8/16/2021,MSFT,Purchase,"$500,001 - $1,000,000",Representatives,500001,D,11/16/2023
9436,Josh Gottheimer,9/20/2021,8/16/2021,MSFT,Purchase,"$1,000,001 - $5,000,000",Representatives,1000001,D,11/16/2023
9437,Josh Gottheimer,9/20/2021,8/16/2021,MSFT,Sale,"$500,001 - $1,000,000",Representatives,500001,D,11/16/2023
9438,Josh Gottheimer,9/20/2021,8/16/2021,MSFT,Sale,"$500,001 - $1,000,000",Representatives,500001,D,11/16/2023
9439,Josh Gottheimer,9/20/2021,8/16/2021,MSFT,Sale,"$1,000,001 - $5,000,000",Representatives,1000001,D,11/16/2023
9441,Josh Gottheimer,9/20/2021,8/16/2021,MSFT,Purchase,"$500,001 - $1,000,000",Representatives,500001,D,11/16/2023
9442,Josh Gottheimer,9/20/2021,8/16/2021,MSFT,Purchase,"$500,001 - $1,000,000",Representatives,500001,D,11/16/2023
9444,Josh Gottheimer,9/20/2021,8/16/2021,MSFT,Purchase,"$1,000,001 - $5,000,000",Representatives,1000001,D,11/16/2023
9445,Josh Gottheimer,9/20/2021,8/16/2021,MSFT,Sale,"$1,000,001 - $5,000,000",Representatives,1000001,D,11/16/2023
9446,Josh Gottheimer,9/20/2021,8/16/2021,MSFT,Sale,"$500,001 - $1,000,000",Representatives,500001,D,11/16/2023
9532,Marie Newman,9/8/2021,8/6/2021,MSFT,Purchase,"$1,001 - $15,000",Representatives,1001,D,11/16/2023
9637,Katherine M. Clark,8/15/2021,7/27/2021,MSFT,Purchase,"$1,001 - $15,000",Representatives,1001,D,11/16/2023
9643,Katherine M. Clark,8/15/2021,7/27/2021,MSFT,Purchase,"$1,001 - $15,000",Representatives,1001,D,11/16/2023
9657,Shelley Moore Capito,8/11/2021,7/26/2021,MSFT,Sale (Partial),"$1,001 - $15,000",Senate,1001,R,8/28/2023
9704,Kevin Hern,9/15/2021,7/21/2021,MSFT,Purchase,"$100,001 - $250,000",Representatives,100001,R,11/16/2023
9831,Suzan K. Delbene,8/6/2021,7/2/2021,MSFT,Purchase,"$1,001 - $15,000",Representatives,1001,D,11/16/2023
9921,Kevin Hern,7/14/2021,6/25/2021,MSFT,Purchase,"$250,001 - $500,000",Representatives,250001,R,11/16/2023
9922,Kevin Hern,7/14/2021,6/25/2021,MSFT,Purchase,"$100,001 - $250,000",Representatives,100001,R,11/16/2023
9955,Tommy Tuberville,7/16/2021,6/23/2021,MSFT,Sale (Full),"$1,001 - $15,000",Senate,1001,R,8/28/2023
9977,John Curtis,7/6/2021,6/22/2021,MSFT,Sale,"$1,001 - $15,000",Representatives,1001,R,11/16/2023
9978,Josh Gottheimer,7/15/2021,6/22/2021,MSFT,Sale,"$15,001 - $50,000",Representatives,15001,D,11/16/2023
9982,Josh Gottheimer,7/15/2021,6/22/2021,MSFT,Sale,"$15,001 - $50,000",Representatives,15001,D,11/16/2023
9989,Josh Gottheimer,7/15/2021,6/22/2021,MSFT,Purchase,"$50,001 - $100,000",Representatives,50001,D,11/16/2023
10021,Patrick Fallon,7/2/2021,6/21/2021,MSFT,Sale,"$100,001 - $250,000",Representatives,100001,R,11/16/2023
10042,Donald Sternoff  Beyer Jr,7/4/2021,6/18/2021,MSFT,Sale,"$1,001 - $15,000",Representatives,1001,D,11/16/2023
10109,Kevin Hern,7/14/2021,6/10/2021,MSFT,Purchase,"$1,001 - $15,000",Representatives,1001,R,11/16/2023
10152,Thomas Suozzi,9/23/2021,6/4/2021,MSFT,Sale,"$15,001 - $50,000",Representatives,15001,D,11/16/2023
10330,Patrick Fallon,7/2/2021,5/26/2021,MSFT,Sale,"$1,001 - $15,000",Representatives,1001,R,11/16/2023
10332,Patrick Fallon,7/2/2021,5/26/2021,MSFT,Purchase,"$250,001 - $500,000",Representatives,250001,R,11/16/2023
10408,Josh Gottheimer,6/15/2021,5/18/2021,MSFT,Purchase,"$1,000,001 - $5,000,000",Representatives,1000001,D,11/16/2023
10409,Josh Gottheimer,6/15/2021,5/18/2021,MSFT,Sale,"$100,001 - $250,000",Representatives,100001,D,11/16/2023
10410,Josh Gottheimer,6/15/2021,5/18/2021,MSFT,Sale,"$1,000,001 - $5,000,000",Representatives,1000001,D,11/16/2023
10411,Josh Gottheimer,6/15/2021,5/18/2021,MSFT,Purchase,"$1,000,001 - $5,000,000",Representatives,1000001,D,11/16/2023
10413,Josh Gottheimer,6/15/2021,5/18/2021,MSFT,Purchase,"$250,001 - $500,000",Representatives,250001,D,11/16/2023
10414,Josh Gottheimer,6/15/2021,5/18/2021,MSFT,Sale,"$250,001 - $500,000",Representatives,250001,D,11/16/2023
10415,Josh Gottheimer,6/15/2021,5/18/2021,MSFT,Purchase,"$15,001 - $50,000",Representatives,15001,D,11/16/2023
10416,Josh Gottheimer,6/15/2021,5/18/2021,MSFT,Sale,"$500,001 - $1,000,000",Representatives,500001,D,11/16/2023
10417,Josh Gottheimer,6/15/2021,5/18/2021,MSFT,Sale,"$500,001 - $1,000,000",Representatives,500001,D,11/16/2023
10418,Josh Gottheimer,6/15/2021,5/18/2021,MSFT,Purchase,"$100,001 - $250,000",Representatives,100001,D,11/16/2023
10420,Josh Gottheimer,6/15/2021,5/18/2021,MSFT,Sale,"$1,001 - $15,000",Representatives,1001,D,11/16/2023
10421,Josh Gottheimer,6/15/2021,5/18/2021,MSFT,Sale,"$1,000,001 - $5,000,000",Representatives,1000001,D,11/16/2023
10514,Blake Moore,7/17/2021,5/12/2021,MSFT,Purchase,"$1,001 - $15,000",Representatives,1001,R,11/16/2023
10609,Ed Case,5/9/2021,5/3/2021,MSFT,Purchase,"$50,001 - $100,000",Representatives,50001,D,11/16/2023
10611,Pete Sessions,5/3/2021,5/3/2021,MSFT,Purchase,"$1,001 - $15,000",Representatives,1001,R,11/16/2023
10631,Kathy Manning,5/6/2021,4/30/2021,MSFT,Purchase,"$1,001 - $15,000",Representatives,1001,D,11/16/2023
10636,Marie Newman,6/10/2021,4/30/2021,MSFT,Purchase,"$15,001 - $50,000",Representatives,15001,D,11/16/2023
10637,Blake Moore,7/17/2021,4/30/2021,MSFT,Purchase,"$1,001 - $15,000",Representatives,1001,R,11/16/2023
10716,Tommy Tuberville,7/23/2021,4/20/2021,MSFT,Purchase,"$1,001 - $15,000",Senate,1001,R,8/28/2023
10755,Patrick Fallon,6/17/2021,4/19/2021,MSFT,Sale,"$250,001 - $500,000",Representatives,250001,R,11/16/2023
10809,William R. Keating,4/27/2021,4/14/2021,MSFT,Purchase,"$1,001 - $15,000",Representatives,1001,D,11/16/2023
10994,Suzan K. Delbene,4/13/2021,3/31/2021,MSFT,Purchase,"$1,001 - $15,000",Representatives,1001,D,11/16/2023
11091,Blake Moore,7/17/2021,3/26/2021,MSFT,Purchase,"$1,001 - $15,000",Representatives,1001,R,11/16/2023
11153,Patrick Fallon,6/17/2021,3/23/2021,MSFT,Sale,"$1,001 - $15,000",Representatives,1001,R,11/16/2023
11154,Patrick Fallon,6/17/2021,3/23/2021,MSFT,Sale,"$1,001 - $15,000",Representatives,1001,R,11/16/2023
11182,Nancy Pelosi,4/9/2021,3/19/2021,MSFT,Purchase,"$1,000,001 - $5,000,000",Representatives,1000001,D,11/16/2023
11184,Nancy Pelosi,4/9/2021,3/19/2021,MSFT,Purchase,"$1,000,001 - $5,000,000",Representatives,1000001,D,11/16/2023
11215,William R. Keating,4/27/2021,3/17/2021,MSFT,Purchase,"$1,001 - $15,000",Representatives,1001,D,11/16/2023
11330,Kevin Hern,4/9/2021,3/11/2021,MSFT,Purchase,"$1,001 - $15,000",Representatives,1001,R,11/16/2023
11450,Blake Moore,7/17/2021,3/4/2021,MSFT,Purchase,"$1,001 - $15,000",Representatives,1001,R,11/16/2023
11451,Suzan K. Delbene,4/13/2021,3/4/2021,MSFT,Sale,"$500,001 - $1,000,000",Representatives,500001,D,11/16/2023
11557,Blake Moore,7/17/2021,2/25/2021,MSFT,Purchase,"$1,001 - $15,000",Representatives,1001,R,11/16/2023
11566,Josh Gottheimer,3/10/2021,2/25/2021,MSFT,Sale,"$1,001 - $15,000",Representatives,1001,D,11/16/2023
11567,Blake Moore,7/17/2021,2/25/2021,MSFT,Purchase,"$1,001 - $15,000",Representatives,1001,R,11/16/2023
11638,Patrick Fallon,6/17/2021,2/23/2021,MSFT,Sale,"$1,001 - $15,000",Representatives,1001,R,11/16/2023
11640,John Rutherford,3/8/2021,2/23/2021,MSFT,Sale,"$1,001 - $15,000",Representatives,1001,R,11/16/2023
11642,Patrick Fallon,6/17/2021,2/23/2021,MSFT,Purchase,"$250,001 - $500,000",Representatives,250001,R,11/16/2023
11806,Patrick Fallon,6/17/2021,2/17/2021,MSFT,Sale,"$500,001 - $1,000,000",Representatives,500001,R,11/16/2023
11809,Mr. Peter Meijer,3/16/2021,2/16/2021,MSFT,Sale,"$100,001 - $250,000",Representatives,100001,R,11/16/2023
12025,Josh Gottheimer,3/10/2021,2/12/2021,MSFT,Sale,"$1,000,001 - $5,000,000",Representatives,1000001,D,11/16/2023
12027,Josh Gottheimer,3/10/2021,2/12/2021,MSFT,Sale,"$15,001 - $50,000",Representatives,15001,D,11/16/2023
12030,Josh Gottheimer,3/10/2021,2/12/2021,MSFT,Purchase,"$250,001 - $500,000",Representatives,250001,D,11/16/2023
12032,Josh Gottheimer,3/10/2021,2/12/2021,MSFT,Purchase,"$1,000,001 - $5,000,000",Representatives,1000001,D,11/16/2023
12033,Josh Gottheimer,3/10/2021,2/12/2021,MSFT,Purchase,"$15,001 - $50,000",Representatives,15001,D,11/16/2023
12034,Josh Gottheimer,3/10/2021,2/12/2021,MSFT,Sale,"$1,000,001 - $5,000,000",Representatives,1000001,D,11/16/2023
12035,Josh Gottheimer,3/10/2021,2/12/2021,MSFT,Sale,"$250,001 - $500,000",Representatives,250001,D,11/16/2023
12036,Josh Gottheimer,3/10/2021,2/12/2021,MSFT,Purchase,"$1,000,001 - $5,000,000",Representatives,1000001,D,11/16/2023
12037,Josh Gottheimer,3/10/2021,2/12/2021,MSFT,Sale,"$1,001 - $15,000",Representatives,1001,D,11/16/2023
12201,Tommy Tuberville,7/23/2021,2/3/2021,MSFT,Purchase,"$1,001 - $15,000",Senate,1001,R,8/28/2023
12270,Mr. Peter Meijer,2/23/2021,1/28/2021,MSFT,Sale,"$1,001 - $15,000",Representatives,1001,R,11/16/2023
12387,Marie Newman,2/13/2021,1/22/2021,MSFT,Sale,"$15,001 - $50,000",Representatives,15001,D,11/16/2023
12466,Patrick Fallon,6/17/2021,1/19/2021,MSFT,Sale,"$15,001 - $50,000",Representatives,15001,R,11/16/2023
12478,Patrick Fallon,6/17/2021,1/19/2021,MSFT,Purchase,"$500,001 - $1,000,000",Representatives,500001,R,11/16/2023
12567,Marie Newman,2/13/2021,1/14/2021,MSFT,Purchase,"$15,001 - $50,000",Representatives,15001,D,11/16/2023
12914,Donald Sternoff  Beyer Jr,1/1/2021,12/23/2020,MSFT,Sale,"$1,001 - $15,000",Representatives,1001,D,11/16/2023
13135,Kevin Hern,1/15/2021,12/10/2020,MSFT,Purchase,"$1,001 - $15,000",Representatives,1001,R,11/16/2023
13224,Suzan K. Delbene,1/13/2021,12/1/2020,MSFT,Sale,"$250,001 - $500,000",Representatives,250001,D,11/16/2023
13280,Donald Sternoff Beyer Jr,12/1/2020,11/24/2020,MSFT,Purchase,"$1,001 - $15,000",Representatives,1001,D,11/16/2023
13313,Joseph D. Morelle,12/9/2020,11/20/2020,MSFT,Sale,"$15,001 - $50,000",Representatives,15001,D,11/16/2023
13441,Josh Gottheimer,12/9/2020,11/17/2020,MSFT,Sale,"$250,001 - $500,000",Representatives,250001,D,11/16/2023
13442,Josh Gottheimer,12/9/2020,11/17/2020,MSFT,Purchase,"$250,001 - $500,000",Representatives,250001,D,11/16/2023
13444,Josh Gottheimer,12/9/2020,11/17/2020,MSFT,Sale,"$100,001 - $250,000",Representatives,100001,D,11/16/2023
13445,Josh Gottheimer,12/9/2020,11/17/2020,MSFT,Sale,"$250,001 - $500,000",Representatives,250001,D,11/16/2023
13447,Josh Gottheimer,12/9/2020,11/17/2020,MSFT,Purchase,"$100,001 - $250,000",Representatives,100001,D,11/16/2023
13450,Josh Gottheimer,12/9/2020,11/17/2020,MSFT,Purchase,"$100,001 - $250,000",Representatives,100001,D,11/16/2023
13452,Josh Gottheimer,12/9/2020,11/17/2020,MSFT,Sale,"$500,001 - $1,000,000",Representatives,500001,D,11/16/2023
13453,Josh Gottheimer,12/9/2020,11/17/2020,MSFT,Purchase,"$500,001 - $1,000,000",Representatives,500001,D,11/16/2023
13637,Ed Perlmutter,12/22/2020,11/12/2020,MSFT,Purchase,"$1,001 - $15,000",Representatives,1001,D,11/16/2023
13761,Bill Cassidy,12/8/2020,11/5/2020,MSFT,Sale (Full),"$1,001 - $15,000",Senate,1001,R,11/14/2023
14007,Donald Sternoff Beyer Jr,11/5/2020,10/22/2020,MSFT,Sale,"$1,001 - $15,000",Representatives,1001,D,11/16/2023
14214,John Curtis,10/16/2020,10/9/2020,MSFT,Sale,"$1,001 - $15,000",Representatives,1001,R,11/16/2023
14316,Robert J. Wittman,11/19/2020,10/2/2020,MSFT,Purchase,"$1,001 - $15,000",Representatives,1001,R,11/16/2023
14330,Suzan K. Delbene,11/9/2020,9/30/2020,MSFT,Purchase,"$1,001 - $15,000",Representatives,1001,D,11/16/2023
14423,Ed Perlmutter,11/11/2020,9/23/2020,MSFT,Sale,"$1,001 - $15,000",Representatives,1001,D,11/16/2023
14517,Roger W. Marshall,10/13/2020,9/15/2020,MSFT,Sale,"$1,001 - $15,000",Representatives,1001,R,11/16/2023
14560,Ed Perlmutter,11/11/2020,9/14/2020,MSFT,Sale,"$1,001 - $15,000",Representatives,1001,D,11/16/2023
14587,Kevin Hern,10/15/2020,9/10/2020,MSFT,Purchase,"$1,001 - $15,000",Representatives,1001,R,11/16/2023
14641,Pat Roberts,9/30/2020,9/4/2020,MSFT,Sale (Full),"$50,001 - $100,000",Senate,50001,R,8/28/2023
14643,Dwight Evans,9/21/2020,9/4/2020,MSFT,Sale,"$1,001 - $15,000",Representatives,1001,D,11/16/2023
14672,Roger W. Marshall,10/13/2020,9/3/2020,MSFT,Purchase,"$1,001 - $15,000",Representatives,1001,R,11/16/2023
14679,Pat Roberts,9/30/2020,9/3/2020,MSFT,Purchase,"$15,001 - $50,000",Senate,15001,R,8/28/2023
14710,Suzan K. Delbene,11/9/2020,9/2/2020,MSFT,Sale,"$5,000,001 - $25,000,000",Representatives,5000001,D,11/16/2023
14746,Suzan K. Delbene,9/14/2020,8/31/2020,MSFT,Purchase,"$5,000,001 - $25,000,000",Representatives,5000001,D,11/16/2023
14759,David B. Mckinley,9/3/2020,8/28/2020,MSFT,Sale,"$1,001 - $15,000",Representatives,1001,R,11/16/2023
14923,Bill Cassidy,9/18/2020,8/19/2020,MSFT,Sale (Partial),"$1,001 - $15,000",Senate,1001,R,8/28/2023
15099,Joe Courtney,8/27/2020,8/7/2020,MSFT,Sale,"$1,001 - $15,000",Representatives,1001,D,11/16/2023
15241,Ron Wyden,8/29/2020,7/31/2020,MSFT,Purchase,"$50,001 - $100,000",Senate,50001,D,8/28/2023
15306,Suzan K. Delbene,8/10/2020,7/28/2020,MSFT,Sale,"$1,000,001 - $5,000,000",Representatives,1000001,D,11/16/2023
15316,Suzan K. Delbene,8/10/2020,7/28/2020,MSFT,Sale,"$1,000,001 - $5,000,000",Representatives,1000001,D,11/16/2023
15319,Kevin Hern,8/15/2020,7/27/2020,MSFT,Purchase,"$1,001 - $15,000",Representatives,1001,R,11/16/2023
15386,Ron Wyden,7/31/2020,7/23/2020,MSFT,Purchase,"$100,001 - $250,000",Senate,100001,D,11/14/2023
15507,Donald Sternoff Beyer Jr,8/9/2020,7/14/2020,MSFT,Sale,"$15,001 - $50,000",Representatives,15001,D,11/16/2023
15676,Ron Wyden,7/31/2020,7/6/2020,MSFT,Purchase,"$15,001 - $50,000",Senate,15001,D,11/14/2023
15777,Suzan K. Delbene,7/15/2020,6/30/2020,MSFT,Purchase,"$1,001 - $15,000",Representatives,1001,D,11/16/2023
15788,William R. Timmons Iv,8/7/2020,6/29/2020,MSFT,Sale,"$1,001 - $15,000",Representatives,1001,R,11/16/2023
15824,Ron Wyden,7/2/2020,6/26/2020,MSFT,Purchase,"$15,001 - $50,000",Senate,15001,D,8/28/2023
15828,Sean Patrick Maloney,4/2/2021,6/26/2020,MSFT,Sale,"$1,001 - $15,000",Representatives,1001,D,11/16/2023
15869,Ron Wyden,7/2/2020,6/24/2020,MSFT,Purchase,"$15,001 - $50,000",Senate,15001,D,8/28/2023
15892,Ron Wyden,7/2/2020,6/23/2020,MSFT,Purchase,"$15,001 - $50,000",Senate,15001,D,8/28/2023
15895,Josh Gottheimer,7/9/2020,6/22/2020,MSFT,Sale,"$1,001 - $15,000",Representatives,1001,D,11/16/2023
15952,Ron Wyden,7/2/2020,6/17/2020,MSFT,Purchase,"$15,001 - $50,000",Senate,15001,D,8/28/2023
16010,Kevin Hern,7/20/2020,6/11/2020,MSFT,Purchase,"$1,001 - $15,000",Representatives,1001,R,11/16/2023
16051,Ed Perlmutter,8/13/2020,6/10/2020,MSFT,Purchase,"$1,001 - $15,000",Representatives,1001,D,11/16/2023
16314,David B. Mckinley,6/3/2020,5/26/2020,MSFT,Sale,"$1,001 - $15,000",Representatives,1001,R,11/16/2023
16410,Josh Gottheimer,6/10/2020,5/18/2020,MSFT,Sale,"$15,001 - $50,000",Representatives,15001,D,11/16/2023
16422,Josh Gottheimer,6/10/2020,5/15/2020,MSFT,Sale,"$1,001 - $15,000",Representatives,1001,D,11/16/2023
16662,Donald Sternoff Beyer Jr,5/31/2020,5/1/2020,MSFT,Sale,"$1,001 - $15,000",Representatives,1001,D,11/16/2023
16666,Pat Roberts,5/2/2020,4/30/2020,MSFT,Purchase,"$15,001 - $50,000",Senate,15001,R,8/28/2023
16832,Pat Roberts,5/2/2020,4/27/2020,MSFT,Purchase,"$15,001 - $50,000",Senate,15001,R,8/28/2023
16836,Donald Sternoff Beyer Jr,5/9/2020,4/27/2020,MSFT,Sale,"$1,001 - $15,000",Representatives,1001,D,11/16/2023
16948,Donald Sternoff Beyer Jr,5/9/2020,4/20/2020,MSFT,Sale,"$1,001 - $15,000",Representatives,1001,D,11/16/2023
17034,David Perdue,5/8/2020,4/16/2020,MSFT,Sale (Full),"$50,001 - $100,000",Senate,50001,R,8/28/2023
17165,David Perdue,5/8/2020,4/14/2020,MSFT,Sale (Full),"$15,001 - $50,000",Senate,15001,R,8/28/2023
17287,Josh Gottheimer,5/13/2020,4/13/2020,MSFT,Sale,"$1,001 - $15,000",Representatives,1001,D,11/16/2023
17290,James M. Inhofe,5/8/2020,4/13/2020,MSFT,Sale (Partial),"$50,001 - $100,000",Senate,50001,R,8/28/2023
17322,Kevin Hern,5/15/2020,4/9/2020,MSFT,Purchase,"$1,001 - $15,000",Representatives,1001,R,11/16/2023
17360,Kelly Loeffler,5/1/2020,4/7/2020,MSFT,Sale (Full),"$250,001 - $500,000",Senate,250001,R,8/28/2023
17528,Susan W. Brooks,4/27/2020,4/6/2020,MSFT,Purchase,"$1,001 - $15,000",Representatives,1001,R,11/16/2023
17533,Cheri Bustos,5/19/2020,4/6/2020,MSFT,Sale,"$15,001 - $50,000",Representatives,15001,D,11/16/2023
17747,Thomas R. Carper,5/4/2020,4/2/2020,MSFT,Sale (Partial),"$1,001 - $15,000",Senate,1001,D,8/28/2023
17821,Daniel Meuser,8/11/2021,3/31/2020,MSFT,Sale,"$1,001 - $15,000",Representatives,1001,R,11/16/2023
17830,Suzan K. Delbene,4/14/2020,3/31/2020,MSFT,Purchase,"$1,001 - $15,000",Representatives,1001,D,11/16/2023
17878,Daniel Meuser,8/11/2021,3/30/2020,MSFT,Purchase,"$1,001 - $15,000",Representatives,1001,R,11/16/2023
17909,John Curtis,4/9/2020,3/27/2020,MSFT,Purchase,"$15,001 - $50,000",Representatives,15001,R,11/16/2023
17998,Pat Roberts,3/28/2020,3/26/2020,MSFT,Purchase,"$1,001 - $15,000",Senate,1001,R,8/28/2023
17999,Daniel Meuser,8/11/2021,3/26/2020,MSFT,Purchase,"$15,001 - $50,000",Representatives,15001,R,11/16/2023
18010,Steve Cohen,4/22/2020,3/26/2020,MSFT,Sale,"$15,001 - $50,000",Representatives,15001,D,11/16/2023
18015,Daniel Meuser,8/11/2021,3/26/2020,MSFT,Purchase,"$1,001 - $15,000",Representatives,1001,R,11/16/2023
18017,Daniel Meuser,8/11/2021,3/26/2020,MSFT,Purchase,"$1,001 - $15,000",Representatives,1001,R,11/16/2023
18019,Daniel Meuser,8/11/2021,3/26/2020,MSFT,Purchase,"$1,001 - $15,000",Representatives,1001,R,11/16/2023
18020,Daniel Meuser,8/11/2021,3/26/2020,MSFT,Purchase,"$15,001 - $50,000",Representatives,15001,R,11/16/2023
18022,Kevin Hern,4/16/2020,3/26/2020,MSFT,Purchase,"$250,001 - $500,000",Representatives,250001,R,11/16/2023
18028,Daniel Meuser,8/11/2021,3/26/2020,MSFT,Purchase,"$1,001 - $15,000",Representatives,1001,R,11/16/2023
18080,Josh Gottheimer,4/11/2020,3/24/2020,MSFT,Purchase,"$50,001 - $100,000",Representatives,50001,D,11/16/2023
18087,Pat Roberts,3/28/2020,3/24/2020,MSFT,Purchase,"$1,001 - $15,000",Senate,1001,R,8/28/2023
18162,Zoe Lofgren,4/11/2020,3/23/2020,MSFT,Sale,"$1,001 - $15,000",Representatives,1001,D,11/16/2023
18192,Thomas Suozzi,9/23/2021,3/20/2020,MSFT,Purchase,"$1,001 - $15,000",Representatives,1001,D,11/16/2023
18194,Josh Gottheimer,4/11/2020,3/20/2020,MSFT,Sale,"$50,001 - $100,000",Representatives,50001,D,11/16/2023
18195,Josh Gottheimer,4/11/2020,3/20/2020,MSFT,Sale,"$50,001 - $100,000",Representatives,50001,D,11/16/2023
18200,Josh Gottheimer,4/11/2020,3/20/2020,MSFT,Purchase,"$100,001 - $250,000",Representatives,100001,D,11/16/2023
18204,Josh Gottheimer,4/11/2020,3/20/2020,MSFT,Purchase,"$50,001 - $100,000",Representatives,50001,D,11/16/2023
18257,Kelly Loeffler,5/1/2020,3/19/2020,MSFT,Purchase,"$15,001 - $50,000",Senate,15001,R,8/28/2023
18360,Gilbert Cisneros,4/16/2020,3/18/2020,MSFT,Purchase,"$1,001 - $15,000",Representatives,1001,D,11/16/2023
18585,Josh Gottheimer,4/11/2020,3/17/2020,MSFT,Purchase,"$1,001 - $15,000",Representatives,1001,D,11/16/2023
18588,Josh Gottheimer,4/11/2020,3/17/2020,MSFT,Purchase,"$15,001 - $50,000",Representatives,15001,D,11/16/2023
18695,Josh Gottheimer,4/11/2020,3/12/2020,MSFT,Sale,"$50,001 - $100,000",Representatives,50001,D,11/16/2023
18696,Josh Gottheimer,4/11/2020,3/12/2020,MSFT,Sale,"$50,001 - $100,000",Representatives,50001,D,11/16/2023
18697,Josh Gottheimer,4/11/2020,3/12/2020,MSFT,Purchase,"$50,001 - $100,000",Representatives,50001,D,11/16/2023
18698,Josh Gottheimer,4/11/2020,3/12/2020,MSFT,Purchase,"$15,001 - $50,000",Representatives,15001,D,11/16/2023
18699,Josh Gottheimer,4/11/2020,3/12/2020,MSFT,Sale,"$50,001 - $100,000",Representatives,50001,D,11/16/2023
18701,Josh Gottheimer,4/11/2020,3/12/2020,MSFT,Purchase,"$50,001 - $100,000",Representatives,50001,D,11/16/2023
18702,Josh Gottheimer,4/11/2020,3/12/2020,MSFT,Sale,"$50,001 - $100,000",Representatives,50001,D,11/16/2023
18705,Josh Gottheimer,4/11/2020,3/12/2020,MSFT,Sale,"$50,001 - $100,000",Representatives,50001,D,11/16/2023
18706,Josh Gottheimer,4/11/2020,3/12/2020,MSFT,Purchase,"$50,001 - $100,000",Representatives,50001,D,11/16/2023
18708,Josh Gottheimer,4/11/2020,3/12/2020,MSFT,Purchase,"$50,001 - $100,000",Representatives,50001,D,11/16/2023
18711,Josh Gottheimer,4/11/2020,3/12/2020,MSFT,Sale,"$50,001 - $100,000",Representatives,50001,D,11/16/2023
18712,Josh Gottheimer,4/11/2020,3/12/2020,MSFT,Purchase,"$50,001 - $100,000",Representatives,50001,D,11/16/2023
18713,Josh Gottheimer,4/11/2020,3/12/2020,MSFT,Sale,"$50,001 - $100,000",Representatives,50001,D,11/16/2023
18743,John Curtis,4/9/2020,3/11/2020,MSFT,Purchase,"$1,001 - $15,000",Representatives,1001,R,11/16/2023
18814,Bill Cassidy,3/27/2020,3/9/2020,MSFT,Sale (Partial),"$1,001 - $15,000",Senate,1001,R,8/28/2023
18820,David B. Mckinley,4/15/2020,3/9/2020,MSFT,Sale,"$1,001 - $15,000",Representatives,1001,R,11/16/2023
18850,Josh Gottheimer,4/11/2020,3/6/2020,MSFT,Sale,"$100,001 - $250,000",Representatives,100001,D,11/16/2023
18851,Josh Gottheimer,4/11/2020,3/6/2020,MSFT,Purchase,"$100,001 - $250,000",Representatives,100001,D,11/16/2023
18858,Josh Gottheimer,4/11/2020,3/6/2020,MSFT,Purchase,"$100,001 - $250,000",Representatives,100001,D,11/16/2023
18859,Josh Gottheimer,4/11/2020,3/6/2020,MSFT,Purchase,"$15,001 - $50,000",Representatives,15001,D,11/16/2023
18860,Josh Gottheimer,4/11/2020,3/6/2020,MSFT,Sale,"$50,001 - $100,000",Representatives,50001,D,11/16/2023
18861,Josh Gottheimer,4/11/2020,3/6/2020,MSFT,Purchase,"$100,001 - $250,000",Representatives,100001,D,11/16/2023
18862,Josh Gottheimer,4/11/2020,3/6/2020,MSFT,Sale,"$50,001 - $100,000",Representatives,50001,D,11/16/2023
18865,Josh Gottheimer,4/11/2020,3/6/2020,MSFT,Sale,"$50,001 - $100,000",Representatives,50001,D,11/16/2023
18931,Earl Blumenauer,4/16/2020,3/3/2020,MSFT,Purchase,"$1,001 - $15,000",Representatives,1001,D,11/16/2023
18932,Shelley Moore Capito,4/29/2020,3/3/2020,MSFT,Purchase,"$1,001 - $15,000",Senate,1001,R,8/28/2023
19006,Suzan K. Delbene,4/14/2020,3/2/2020,MSFT,Purchase,"$500,001 - $1,000,000",Representatives,500001,D,11/16/2023
19084,Nancy Pelosi,4/1/2020,2/28/2020,MSFT,Purchase,"$100,001 - $250,000",Representatives,100001,D,11/16/2023
19139,Josh Gottheimer,3/16/2020,2/26/2020,MSFT,Purchase,"$15,001 - $50,000",Representatives,15001,D,11/16/2023
19226,John Rutherford,5/1/2020,2/24/2020,MSFT,Sale,"$1,001 - $15,000",Representatives,1001,R,11/16/2023
19276,Nancy Pelosi,4/1/2020,2/21/2020,MSFT,Purchase,"$500,001 - $1,000,000",Representatives,500001,D,11/16/2023
19284,Nancy Pelosi,4/1/2020,2/20/2020,MSFT,Purchase,"$250,001 - $500,000",Representatives,250001,D,11/16/2023
19312,Mikie Sherrill,4/5/2020,2/20/2020,MSFT,Sale,"$15,001 - $50,000",Representatives,15001,D,11/16/2023
19497,Donald Sternoff Beyer Jr,2/22/2020,2/14/2020,MSFT,Purchase,"$1,001 - $15,000",Representatives,1001,D,11/16/2023
19520,Josh Gottheimer,3/16/2020,2/13/2020,MSFT,Purchase,"$50,001 - $100,000",Representatives,50001,D,11/16/2023
19521,Josh Gottheimer,3/16/2020,2/13/2020,MSFT,Sale,"$100,001 - $250,000",Representatives,100001,D,11/16/2023
19522,Josh Gottheimer,3/16/2020,2/13/2020,MSFT,Purchase,"$250,001 - $500,000",Representatives,250001,D,11/16/2023
19524,Josh Gottheimer,3/16/2020,2/13/2020,MSFT,Purchase,"$100,001 - $250,000",Representatives,100001,D,11/16/2023
19525,Josh Gottheimer,3/16/2020,2/13/2020,MSFT,Sale,"$250,001 - $500,000",Representatives,250001,D,11/16/2023
19526,Josh Gottheimer,3/16/2020,2/13/2020,MSFT,Sale,"$100,001 - $250,000",Representatives,100001,D,11/16/2023
19527,Josh Gottheimer,3/16/2020,2/13/2020,MSFT,Purchase,"$250,001 - $500,000",Representatives,250001,D,11/16/2023
19530,Josh Gottheimer,3/16/2020,2/13/2020,MSFT,Purchase,"$100,001 - $250,000",Representatives,100001,D,11/16/2023
19531,Josh Gottheimer,3/16/2020,2/13/2020,MSFT,Sale,"$100,001 - $250,000",Representatives,100001,D,11/16/2023
19533,Josh Gottheimer,3/16/2020,2/13/2020,MSFT,Purchase,"$250,001 - $500,000",Representatives,250001,D,11/16/2023
19534,Josh Gottheimer,3/16/2020,2/13/2020,MSFT,Sale,"$50,001 - $100,000",Representatives,50001,D,11/16/2023
19535,Josh Gottheimer,3/16/2020,2/13/2020,MSFT,Purchase,"$100,001 - $250,000",Representatives,100001,D,11/16/2023
19536,Josh Gottheimer,3/16/2020,2/13/2020,MSFT,Sale,"$50,001 - $100,000",Representatives,50001,D,11/16/2023
19537,Josh Gottheimer,3/16/2020,2/13/2020,MSFT,Purchase,"$50,001 - $100,000",Representatives,50001,D,11/16/2023
19538,Josh Gottheimer,3/16/2020,2/13/2020,MSFT,Sale,"$100,001 - $250,000",Representatives,100001,D,11/16/2023
19540,Josh Gottheimer,3/16/2020,2/13/2020,MSFT,Sale,"$250,001 - $500,000",Representatives,250001,D,11/16/2023
19541,Josh Gottheimer,3/16/2020,2/13/2020,MSFT,Purchase,"$100,001 - $250,000",Representatives,100001,D,11/16/2023
19542,Josh Gottheimer,3/16/2020,2/13/2020,MSFT,Sale,"$100,001 - $250,000",Representatives,100001,D,11/16/2023
19562,Pat Roberts,3/4/2020,2/11/2020,MSFT,Purchase,"$15,001 - $50,000",Senate,15001,R,8/28/2023
19869,Donald Sternoff Beyer Jr,2/22/2020,1/24/2020,MSFT,Purchase,"$1,001 - $15,000",Representatives,1001,D,11/16/2023
19930,Josh Gottheimer,2/10/2020,1/16/2020,MSFT,Sale,"$1,001 - $15,000",Representatives,1001,D,11/16/2023
20043,Michael John Gallagher,2/8/2020,1/13/2020,MSFT,Sale,"$1,001 - $15,000",Representatives,1001,R,11/16/2023
20112,Josh Gottheimer,2/10/2020,1/9/2020,MSFT,Sale,"$1,001 - $15,000",Representatives,1001,D,11/16/2023
20114,Josh Gottheimer,2/10/2020,1/9/2020,MSFT,Sale,"$1,001 - $15,000",Representatives,1001,D,11/16/2023
20116,Thomas Suozzi,9/23/2021,1/9/2020,MSFT,Purchase,"$1,001 - $15,000",Representatives,1001,D,11/16/2023
20126,Donald Sternoff Beyer Jr,2/22/2020,1/9/2020,MSFT,Purchase,"$1,001 - $15,000",Representatives,1001,D,11/16/2023
20296,Joe Courtney,7/29/2020,12/31/2019,MSFT,Purchase,"$1,001 - $15,000",Representatives,1001,D,11/16/2023
20301,Suzan K. Delbene,1/15/2020,12/31/2019,MSFT,Purchase,"$1,001 - $15,000",Representatives,1001,D,11/16/2023
20368,Donald Sternoff Beyer Jr,1/2/2020,12/24/2019,MSFT,Purchase,"$1,001 - $15,000",Representatives,1001,D,11/16/2023
20450,John B. Larson,1/31/2020,12/18/2019,MSFT,Sale,"$1,001 - $15,000",Representatives,1001,D,11/16/2023
20624,Donald Sternoff Beyer Jr,12/14/2019,12/9/2019,MSFT,Purchase,"$1,001 - $15,000",Representatives,1001,D,11/16/2023
20803,Donald Sternoff Beyer Jr,12/14/2019,11/22/2019,MSFT,Purchase,"$1,001 - $15,000",Representatives,1001,D,11/16/2023
20814,Donald Sternoff Beyer Jr,12/14/2019,11/22/2019,MSFT,Purchase,"$1,001 - $15,000",Representatives,1001,D,11/16/2023
20870,Josh Gottheimer,12/9/2019,11/19/2019,MSFT,Sale,"$1,001 - $15,000",Representatives,1001,D,11/16/2023
20916,Josh Gottheimer,12/9/2019,11/18/2019,MSFT,Purchase,"$100,001 - $250,000",Representatives,100001,D,11/16/2023
20917,Josh Gottheimer,12/9/2019,11/18/2019,MSFT,Sale,"$100,001 - $250,000",Representatives,100001,D,11/16/2023
20918,Josh Gottheimer,12/9/2019,11/18/2019,MSFT,Purchase,"$100,001 - $250,000",Representatives,100001,D,11/16/2023
20922,Josh Gottheimer,12/9/2019,11/18/2019,MSFT,Sale,"$100,001 - $250,000",Representatives,100001,D,11/16/2023
20926,Josh Gottheimer,12/9/2019,11/18/2019,MSFT,Purchase,"$100,001 - $250,000",Representatives,100001,D,11/16/2023
20928,Josh Gottheimer,12/9/2019,11/18/2019,MSFT,Sale,"$100,001 - $250,000",Representatives,100001,D,11/16/2023
20994,John W. Rose,12/11/2019,11/12/2019,MSFT,Sale,"$500,001 - $1,000,000",Representatives,500001,R,11/16/2023
21199,Cheri Bustos,11/8/2019,10/29/2019,MSFT,Purchase,"$15,001 - $50,000",Representatives,15001,D,11/16/2023
21244,Pat Roberts,11/3/2019,10/23/2019,MSFT,Purchase,"$1,001 - $15,000",Senate,1001,R,8/28/2023
21254,Mikie Sherrill,1/3/2020,10/22/2019,MSFT,Sale,$412.82 ,Representatives,412.82,D,11/16/2023
21306,Mikie Sherrill,1/3/2020,10/17/2019,MSFT,Sale,$976.45 ,Representatives,976.45,D,11/16/2023
21333,Kevin Hern,11/14/2019,10/15/2019,MSFT,Purchase,"$15,001 - $50,000",Representatives,15001,R,11/16/2023
21345,Shelley Moore Capito,11/11/2019,10/15/2019,MSFT,Sale (Partial),"$1,001 - $15,000",Senate,1001,R,8/28/2023
21499,Josh Gottheimer,11/8/2019,10/2/2019,MSFT,Purchase,"$50,001 - $100,000",Representatives,50001,D,11/16/2023
21503,Josh Gottheimer,11/8/2019,10/2/2019,MSFT,Sale,"$50,001 - $100,000",Representatives,50001,D,11/16/2023
21522,Suzan K. Delbene,10/15/2019,9/30/2019,MSFT,Purchase,"$1,001 - $15,000",Representatives,1001,D,11/16/2023
21528,David Perdue,11/5/2019,9/30/2019,MSFT,Sale (Partial),"$1,001 - $15,000",Senate,1001,R,8/28/2023
21589,Jerry Moran,10/21/2019,9/25/2019,MSFT,Sale (Partial),"$1,001 - $15,000",Senate,1001,R,8/28/2023
21643,Alan S. Lowenthal,9/21/2019,9/20/2019,MSFT,Purchase,"$1,001 - $15,000",Representatives,1001,D,11/16/2023
21710,Josh Gottheimer,10/11/2019,9/16/2019,MSFT,Sale,"$100,001 - $250,000",Representatives,100001,D,11/16/2023
21712,Josh Gottheimer,10/11/2019,9/16/2019,MSFT,Purchase,"$100,001 - $250,000",Representatives,100001,D,11/16/2023
21864,Mikie Sherrill,1/3/2020,9/11/2019,MSFT,Sale,$678.84 ,Representatives,678.84,D,11/16/2023
21979,Suzan K. Delbene,10/15/2019,9/4/2019,MSFT,Sale,"$5,000,001 - $25,000,000",Representatives,5000001,D,11/16/2023
21994,Suzan K. Delbene,10/15/2019,9/3/2019,MSFT,Purchase,"$5,000,001 - $25,000,000",Representatives,5000001,D,11/16/2023
22021,Steve Cohen,9/12/2019,8/29/2019,MSFT,Sale,"$15,001 - $50,000",Representatives,15001,D,11/16/2023
22036,Donna Shalala,4/27/2020,8/28/2019,MSFT,Sale,"$1,001 - $15,000",Representatives,1001,D,11/16/2023
22044,Suzan K. Delbene,9/15/2019,8/28/2019,MSFT,Sale,"$500,001 - $1,000,000",Representatives,500001,D,11/16/2023
22067,Richard W. Allen,8/10/2023,8/27/2019,MSFT,Purchase,"$15,001 - $50,000",Representatives,15001,R,11/16/2023
22574,Josh Gottheimer,9/16/2019,7/16/2019,MSFT,Sale,"$50,001 - $100,000",Representatives,50001,D,11/16/2023
22575,Josh Gottheimer,9/16/2019,7/16/2019,MSFT,Sale,"$50,001 - $100,000",Representatives,50001,D,11/16/2023
22576,Josh Gottheimer,9/16/2019,7/16/2019,MSFT,Purchase,"$50,001 - $100,000",Representatives,50001,D,11/16/2023
22579,Josh Gottheimer,9/16/2019,7/16/2019,MSFT,Purchase,"$50,001 - $100,000",Representatives,50001,D,11/16/2023
22661,Elizabeth Fletcher,7/25/2019,7/9/2019,MSFT,Sale,"$1,001 - $15,000",Representatives,1001,D,11/16/2023
22731,Suzan K. Delbene,7/16/2019,6/28/2019,MSFT,Purchase,"$1,001 - $15,000",Representatives,1001,D,11/16/2023
23055,Josh Gottheimer,7/18/2019,6/20/2019,MSFT,Sale,"$1,001 - $15,000",Representatives,1001,D,11/16/2023
23057,Bradley S. Schneider,6/21/2019,6/20/2019,MSFT,Sale,"$250,001 - $500,000",Representatives,250001,D,11/16/2023
23059,Josh Gottheimer,7/18/2019,6/20/2019,MSFT,Purchase,"$1,001 - $15,000",Representatives,1001,D,11/16/2023
23064,Bradley S. Schneider,6/21/2019,6/19/2019,MSFT,Sale,"$100,001 - $250,000",Representatives,100001,D,11/16/2023
23144,Shelley Moore Capito,7/10/2019,6/10/2019,MSFT,Sale (Partial),"$1,001 - $15,000",Senate,1001,R,8/28/2023
23247,Elizabeth Fletcher,6/16/2019,5/31/2019,MSFT,Sale,"$1,001 - $15,000",Representatives,1001,D,11/16/2023
23249,Josh Gottheimer,6/15/2019,5/31/2019,MSFT,Sale,"$15,001 - $50,000",Representatives,15001,D,11/16/2023
23251,Josh Gottheimer,6/15/2019,5/31/2019,MSFT,Purchase,"$15,001 - $50,000",Representatives,15001,D,11/16/2023
23395,Chris Coons,6/24/2019,5/28/2019,MSFT,Sale (Full),"$1,001 - $15,000",Senate,1001,D,8/28/2023
23493,Josh Gottheimer,6/15/2019,5/20/2019,MSFT,Purchase,"$15,001 - $50,000",Representatives,15001,D,11/16/2023
23494,Josh Gottheimer,6/15/2019,5/20/2019,MSFT,Sale,"$15,001 - $50,000",Representatives,15001,D,11/16/2023
23718,Josh Gottheimer,6/15/2019,5/6/2019,MSFT,Sale,"$15,001 - $50,000",Representatives,15001,D,11/16/2023
23719,Josh Gottheimer,6/15/2019,5/6/2019,MSFT,Purchase,"$15,001 - $50,000",Representatives,15001,D,11/16/2023
23720,Josh Gottheimer,6/15/2019,5/6/2019,MSFT,Sale,"$1,001 - $15,000",Representatives,1001,D,11/16/2023
23721,Josh Gottheimer,6/15/2019,5/6/2019,MSFT,Purchase,"$1,001 - $15,000",Representatives,1001,D,11/16/2023
23785,Josh Gottheimer,5/20/2019,4/30/2019,MSFT,Purchase,"$1,001 - $15,000",Representatives,1001,D,11/16/2023
23799,Josh Gottheimer,5/20/2019,4/26/2019,MSFT,Purchase,"$1,001 - $15,000",Representatives,1001,D,11/16/2023
23816,Josh Gottheimer,5/20/2019,4/25/2019,MSFT,Sale,"$1,001 - $15,000",Representatives,1001,D,11/16/2023
23954,Josh Gottheimer,5/20/2019,4/16/2019,MSFT,Purchase,"$15,001 - $50,000",Representatives,15001,D,11/16/2023
23956,Josh Gottheimer,5/20/2019,4/16/2019,MSFT,Sale,"$15,001 - $50,000",Representatives,15001,D,11/16/2023
23957,Josh Gottheimer,5/20/2019,4/16/2019,MSFT,Sale,"$15,001 - $50,000",Representatives,15001,D,11/16/2023
23958,Josh Gottheimer,5/20/2019,4/16/2019,MSFT,Purchase,"$15,001 - $50,000",Representatives,15001,D,11/16/2023
23959,Josh Gottheimer,5/20/2019,4/16/2019,MSFT,Purchase,"$1,001 - $15,000",Representatives,1001,D,11/16/2023
23960,Josh Gottheimer,5/20/2019,4/16/2019,MSFT,Sale,"$1,001 - $15,000",Representatives,1001,D,11/16/2023
23961,Josh Gottheimer,5/20/2019,4/16/2019,MSFT,Sale,"$1,001 - $15,000",Representatives,1001,D,11/16/2023
24055,Josh Gottheimer,5/20/2019,4/9/2019,MSFT,Purchase,"$1,001 - $15,000",Representatives,1001,D,11/16/2023
24062,Josh Gottheimer,5/20/2019,4/9/2019,MSFT,Sale,"$1,001 - $15,000",Representatives,1001,D,11/16/2023
24221,Suzan K. Delbene,4/12/2019,3/29/2019,MSFT,Purchase,"$1,001 - $15,000",Representatives,1001,D,11/16/2023
24310,Nicholas Van Taylor,4/15/2019,3/25/2019,MSFT,Sale,"$50,001 - $100,000",Representatives,50001,R,11/16/2023
24315,Nicholas Van Taylor,4/15/2019,3/25/2019,MSFT,Sale,"$1,001 - $15,000",Representatives,1001,R,11/16/2023
24330,Nicholas Van Taylor,4/15/2019,3/25/2019,MSFT,Sale,"$15,001 - $50,000",Representatives,15001,R,11/16/2023
24331,David Perdue,4/9/2019,3/25/2019,MSFT,Sale (Partial),"$1,001 - $15,000",Senate,1001,R,8/28/2023
24587,Josh Gottheimer,4/5/2019,3/22/2019,MSFT,Sale,"$1,001 - $15,000",Representatives,1001,D,11/16/2023
24589,Josh Gottheimer,4/5/2019,3/22/2019,MSFT,Purchase,"$1,001 - $15,000",Representatives,1001,D,11/16/2023
24865,Josh Gottheimer,4/5/2019,3/13/2019,MSFT,Sale,"$1,001 - $15,000",Representatives,1001,D,11/16/2023
24867,Josh Gottheimer,4/5/2019,3/13/2019,MSFT,Purchase,"$1,001 - $15,000",Representatives,1001,D,11/16/2023
24871,Josh Gottheimer,4/5/2019,3/12/2019,MSFT,Sale,"$15,001 - $50,000",Representatives,15001,D,11/16/2023
24872,Josh Gottheimer,4/5/2019,3/12/2019,MSFT,Sale,"$1,001 - $15,000",Representatives,1001,D,11/16/2023
24906,Shelley Moore Capito,4/17/2019,3/11/2019,MSFT,Sale (Full),"$1,001 - $15,000",Senate,1001,R,8/28/2023
25033,Suzan K. Delbene,4/12/2019,3/5/2019,MSFT,Sale,"$500,001 - $1,000,000",Representatives,500001,D,11/16/2023
25037,Josh Gottheimer,4/5/2019,3/5/2019,MSFT,Sale,"$1,001 - $15,000",Representatives,1001,D,11/16/2023
25125,John F. Reed,3/18/2019,2/28/2019,MSFT,Sale (Full),"$1,001 - $15,000",Senate,1001,D,8/28/2023
25133,Suzan K. Delbene,3/15/2019,2/28/2019,MSFT,Purchase,"$500,001 - $1,000,000",Representatives,500001,D,11/16/2023
25142,Josh Gottheimer,3/28/2019,2/27/2019,MSFT,Sale,"$1,001 - $15,000",Representatives,1001,D,11/16/2023
25211,Elizabeth Fletcher,4/23/2019,2/26/2019,MSFT,Purchase,"$1,001 - $15,000",Representatives,1001,D,11/16/2023
25254,David Perdue,3/6/2019,2/25/2019,MSFT,Sale (Partial),"$15,001 - $50,000",Senate,15001,R,8/28/2023
25294,Josh Gottheimer,2/25/2019,2/21/2019,MSFT,Sale,"$1,001 - $15,000",Representatives,1001,D,11/16/2023
25401,Alan S. Lowenthal,2/23/2019,2/14/2019,MSFT,Purchase,$107.06 ,Representatives,107.06,D,11/16/2023
25402,Alan S. Lowenthal,2/23/2019,2/14/2019,MSFT,Purchase,"$1,001 - $15,000",Representatives,1001,D,11/16/2023
25534,Donna Shalala,4/27/2020,2/5/2019,MSFT,Sale,"$1,001 - $15,000",Representatives,1001,D,11/16/2023
25568,Josh Gottheimer,2/25/2019,2/4/2019,MSFT,Sale,"$1,001 - $15,000",Representatives,1001,D,11/16/2023
25696,James M. Inhofe,2/25/2019,1/29/2019,MSFT,Sale (Full),"$15,001 - $50,000",Senate,15001,R,8/28/2023
25866,Josh Gottheimer,1/31/2019,1/18/2019,MSFT,Sale,"$1,001 - $15,000",Representatives,1001,D,11/16/2023
25870,Josh Gottheimer,1/31/2019,1/18/2019,MSFT,Sale,"$1,001 - $15,000",Representatives,1001,D,11/16/2023
25990,Josh Gottheimer,1/31/2019,1/10/2019,MSFT,Sale,"$1,001 - $15,000",Representatives,1001,D,11/16/2023
26031,K. Michael Conaway,3/4/2019,1/8/2019,MSFT,Purchase,"$1,001 - $15,000",Representatives,1001,R,11/16/2023
26198,Suzan K. Delbene,1/15/2019,12/31/2018,MSFT,Purchase,"$1,001 - $15,000",Representatives,1001,D,11/16/2023
26537,David B. Mckinley,1/9/2019,12/20/2018,MSFT,Purchase,"$15,001 - $50,000",Representatives,15001,R,11/16/2023
26551,David B. Mckinley,1/9/2019,12/20/2018,MSFT,Purchase,"$1,001 - $15,000",Representatives,1001,R,11/16/2023
26676,Josh Gottheimer,1/4/2019,12/17/2018,MSFT,Purchase,"$1,001 - $15,000",Representatives,1001,D,11/16/2023
26697,Josh Gottheimer,1/4/2019,12/14/2018,MSFT,Purchase,"$1,001 - $15,000",Representatives,1001,D,11/16/2023
26721,Josh Gottheimer,1/4/2019,12/13/2018,MSFT,Purchase,"$1,001 - $15,000",Representatives,1001,D,11/16/2023
26722,Suzan K. Delbene,5/8/2019,12/13/2018,MSFT,Purchase,"$1,000,001 - $5,000,000",Representatives,1000001,D,11/16/2023
26727,Thomas Macarthur,1/11/2019,12/13/2018,MSFT,Purchase,"$1,001 - $15,000",Representatives,1001,R,11/16/2023
26816,Josh Gottheimer,1/4/2019,12/10/2018,MSFT,Sale,"$1,001 - $15,000",Representatives,1001,D,11/16/2023
26859,Bill Cassidy,8/7/2019,12/7/2018,MSFT,Sale (Partial),"$1,001 - $15,000",Senate,1001,R,8/28/2023
26944,Josh Gottheimer,1/4/2019,12/6/2018,MSFT,Purchase,"$1,001 - $15,000",Representatives,1001,D,11/16/2023
26950,Jerry Moran,5/15/2019,12/6/2018,MSFT,Purchase,"$1,001 - $15,000",Senate,1001,R,8/28/2023
26966,Jerry Moran,5/15/2019,12/6/2018,MSFT,Purchase,"$1,001 - $15,000",Senate,1001,R,8/28/2023
26972,Dean Heller,12/19/2018,12/6/2018,MSFT,Sale (Partial),"$1,001 - $15,000",Senate,1001,R,11/14/2023
27058,Josh Gottheimer,12/13/2018,11/28/2018,MSFT,Purchase,"$1,001 - $15,000",Representatives,1001,D,11/16/2023
27059,Josh Gottheimer,12/13/2018,11/28/2018,MSFT,Sale,"$1,001 - $15,000",Representatives,1001,D,11/16/2023
27075,Josh Gottheimer,12/13/2018,11/27/2018,MSFT,Sale,"$1,001 - $15,000",Representatives,1001,D,11/16/2023
27281,Lamar Smith,12/13/2018,11/14/2018,MSFT,Sale,"$1,001 - $15,000",Representatives,1001,R,11/16/2023
27704,Josh Gottheimer,11/16/2018,10/12/2018,MSFT,Sale,"$1,001 - $15,000",Representatives,1001,D,11/16/2023
27705,Josh Gottheimer,11/16/2018,10/12/2018,MSFT,Sale,"$15,001 - $50,000",Representatives,15001,D,11/16/2023
27706,Josh Gottheimer,11/16/2018,10/12/2018,MSFT,Purchase,"$50,001 - $100,000",Representatives,50001,D,11/16/2023
27707,Josh Gottheimer,11/16/2018,10/12/2018,MSFT,Sale,"$1,001 - $15,000",Representatives,1001,D,11/16/2023
27709,Josh Gottheimer,11/16/2018,10/12/2018,MSFT,Sale,"$1,001 - $15,000",Representatives,1001,D,11/16/2023
27712,Josh Gottheimer,11/16/2018,10/12/2018,MSFT,Sale,"$1,001 - $15,000",Representatives,1001,D,11/16/2023
27713,Josh Gottheimer,11/16/2018,10/12/2018,MSFT,Sale,"$1,001 - $15,000",Representatives,1001,D,11/16/2023
27714,Josh Gottheimer,11/16/2018,10/12/2018,MSFT,Sale,"$1,001 - $15,000",Representatives,1001,D,11/16/2023
27716,Josh Gottheimer,11/16/2018,10/12/2018,MSFT,Sale,"$1,001 - $15,000",Representatives,1001,D,11/16/2023
27936,Suzan K. Delbene,10/16/2018,9/28/2018,MSFT,Purchase,"$1,001 - $15,000",Representatives,1001,D,11/16/2023
28081,Thomas Macarthur,10/6/2018,9/13/2018,MSFT,Purchase,"$1,001 - $15,000",Representatives,1001,R,11/16/2023
28143,Suzan K. Delbene,10/16/2018,9/4/2018,MSFT,Sale,"$5,000,001 - $25,000,000",Representatives,5000001,D,11/16/2023
28146,Suzan K. Delbene,9/14/2018,8/31/2018,MSFT,Purchase,"$5,000,001 - $25,000,000",Representatives,5000001,D,11/16/2023
28165,K. Michael Conaway,9/4/2018,8/30/2018,MSFT,Sale,"$1,001 - $15,000",Representatives,1001,R,11/16/2023
28169,Suzan K. Delbene,9/14/2018,8/29/2018,MSFT,Purchase,"$250,001 - $500,000",Representatives,250001,D,11/16/2023
28221,Carlos Curbelo,9/25/2018,8/28/2018,MSFT,Sale,"$1,001 - $15,000",Representatives,1001,R,11/16/2023
28270,Roger W. Marshall,9/5/2018,8/27/2018,MSFT,Sale,"$15,001 - $50,000",Representatives,15001,R,11/16/2023
28304,Roger W. Marshall,9/5/2018,8/22/2018,MSFT,Purchase,"$1,001 - $15,000",Representatives,1001,R,11/16/2023
28329,Dwight Evans,9/26/2018,8/17/2018,MSFT,Purchase,"$1,001 - $15,000",Representatives,1001,D,11/16/2023
28434,Roger W. Marshall,9/5/2018,8/7/2018,MSFT,Purchase,"$1,001 - $15,000",Representatives,1001,R,11/16/2023
28450,Gary Palmer,9/29/2018,8/6/2018,MSFT,Purchase,"$1,001 - $15,000",Representatives,1001,R,11/16/2023
28609,Dean Heller,8/2/2018,7/26/2018,MSFT,Purchase,"$1,001 - $15,000",Senate,1001,R,11/14/2023
28728,Gary Palmer,9/29/2018,7/16/2018,MSFT,Sale,"$1,001 - $15,000",Representatives,1001,R,11/16/2023
28732,Gary Palmer,9/29/2018,7/16/2018,MSFT,Sale,"$1,001 - $15,000",Representatives,1001,R,11/16/2023
28733,Gary Palmer,9/29/2018,7/16/2018,MSFT,Sale,"$1,001 - $15,000",Representatives,1001,R,11/16/2023
28765,Gary Palmer,9/29/2018,7/12/2018,MSFT,Purchase,"$1,001 - $15,000",Representatives,1001,R,11/16/2023
28856,Suzan K. Delbene,8/29/2018,7/2/2018,MSFT,Purchase,"$1,001 - $15,000",Representatives,1001,D,11/16/2023
28989,Thomas Macarthur,7/10/2018,6/14/2018,MSFT,Purchase,"$1,001 - $15,000",Representatives,1001,R,11/16/2023
29104,Barbara J  Comstock,6/11/2018,6/5/2018,MSFT,Purchase,"$15,001 - $50,000",Representatives,15001,R,11/16/2023
29160,Bob Gibbs,6/9/2018,5/30/2018,MSFT,Purchase,"$1,001 - $15,000",Representatives,1001,R,11/16/2023
29306,Thomas Macarthur,6/5/2018,5/11/2018,MSFT,Sale,"$1,001 - $15,000",Representatives,1001,R,11/16/2023
29388,James M. Inhofe,5/14/2018,5/3/2018,MSFT,Sale (Partial),"$15,001 - $50,000",Senate,15001,R,8/28/2023
29435,Josh Gottheimer,10/2/2018,4/30/2018,MSFT,Purchase,"$1,001 - $15,000",Representatives,1001,D,11/16/2023
29548,Shelley Moore Capito,5/14/2018,4/24/2018,MSFT,Purchase,"$1,001 - $15,000",Senate,1001,R,8/28/2023
29573,Bill Cassidy,5/15/2018,4/23/2018,MSFT,Sale (Partial),"$1,001 - $15,000",Senate,1001,R,8/28/2023
29647,Bob Gibbs,4/24/2018,4/11/2018,MSFT,Purchase,"$15,001 - $50,000",Representatives,15001,R,11/16/2023
29680,Carlos Curbelo,8/2/2018,4/6/2018,MSFT,Purchase,"$1,001 - $15,000",Representatives,1001,R,11/16/2023
29700,Shelley Moore Capito,5/14/2018,4/5/2018,MSFT,Purchase,"$1,001 - $15,000",Senate,1001,R,8/28/2023
29778,Alan S. Lowenthal,4/7/2018,3/29/2018,MSFT,Sale,"$1,001 - $15,000",Representatives,1001,D,11/16/2023
29782,Suzan K. Delbene,4/13/2018,3/29/2018,MSFT,Purchase,"$1,001 - $15,000",Representatives,1001,D,11/16/2023
29784,Alan S. Lowenthal,4/7/2018,3/29/2018,MSFT,Sale,$360.40 ,Representatives,360.4,D,11/16/2023
30020,Thomas Macarthur,4/9/2018,3/8/2018,MSFT,Purchase,"$1,001 - $15,000",Representatives,1001,R,11/16/2023
30063,Suzan K. Delbene,4/13/2018,3/1/2018,MSFT,Sale,"$100,001 - $250,000",Representatives,100001,D,11/16/2023
30080,Suzan K. Delbene,3/6/2018,2/28/2018,MSFT,Purchase,"$250,001 - $500,000",Representatives,250001,D,11/16/2023
30237,James M. Inhofe,2/26/2018,2/9/2018,MSFT,Purchase,"$15,001 - $50,000",Senate,15001,R,8/28/2023
30272,K. Michael Conaway,3/2/2018,2/7/2018,MSFT,Purchase,"$1,001 - $15,000",Representatives,1001,R,11/16/2023
30288,Barbara J  Comstock,4/19/2018,2/6/2018,MSFT,Purchase,"$1,001 - $15,000",Representatives,1001,R,11/16/2023
30289,Josh Gottheimer,8/13/2019,2/6/2018,MSFT,Purchase,"$15,001 - $50,000",Representatives,15001,D,11/16/2023
30624,Thomas J. Rooney,2/15/2018,1/12/2018,MSFT,Sale,"$1,001 - $15,000",Representatives,1001,R,11/16/2023
30766,Shelley Moore Capito,2/10/2018,1/4/2018,MSFT,Sale (Partial),"$1,001 - $15,000",Senate,1001,R,8/28/2023
30826,Suzan K. Delbene,1/10/2018,12/29/2017,MSFT,Purchase,"$1,001 - $15,000",Representatives,1001,D,11/16/2023
31011,Thomas Macarthur,1/10/2018,12/14/2017,MSFT,Purchase,"$1,001 - $15,000",Representatives,1001,R,11/16/2023
31093,John A. Yarmuth,1/18/2018,12/7/2017,MSFT,Purchase,"$1,001 - $15,000",Representatives,1001,D,11/16/2023
31140,Pete Sessions,12/1/2017,12/1/2017,MSFT,Purchase,"$1,001 - $15,000",Representatives,1001,R,11/16/2023
31186,Pete Sessions,11/28/2017,11/27/2017,MSFT,Sale,"$1,001 - $15,000",Representatives,1001,R,11/16/2023
31380,Barbara J  Comstock,11/8/2017,11/7/2017,MSFT,Purchase,"$15,001 - $50,000",Representatives,15001,R,11/16/2023
31504,David Perdue,11/2/2017,10/27/2017,MSFT,Sale (Partial),"$1,001 - $15,000",Senate,1001,R,8/28/2023
31673,Barbara J  Comstock,10/13/2017,10/12/2017,MSFT,Purchase,"$15,001 - $50,000",Representatives,15001,R,11/16/2023
31675,Barbara J  Comstock,10/13/2017,10/12/2017,MSFT,Purchase,"$15,001 - $50,000",Representatives,15001,R,11/16/2023
31806,Suzan K. Delbene,11/3/2017,9/29/2017,MSFT,Purchase,"$1,001 - $15,000",Representatives,1001,D,11/16/2023
31995,Thomas Macarthur,10/8/2017,9/14/2017,MSFT,Purchase,"$1,001 - $15,000",Representatives,1001,R,11/16/2023
32132,Suzan K. Delbene,11/3/2017,9/5/2017,MSFT,Sale,"$250,001 - $500,000",Representatives,250001,D,11/16/2023
32134,Shelley Moore Capito,10/16/2017,9/5/2017,MSFT,Purchase,"$1,001 - $15,000",Senate,1001,R,8/28/2023
32179,Suzan K. Delbene,9/19/2017,8/31/2017,MSFT,Purchase,"$100,001 - $250,000",Representatives,100001,D,11/16/2023
32180,Suzan K. Delbene,9/19/2017,8/31/2017,MSFT,Purchase,"$250,001 - $500,000",Representatives,250001,D,11/16/2023
32201,Suzan K. Delbene,9/19/2017,8/29/2017,MSFT,Purchase,"$250,001 - $500,000",Representatives,250001,D,11/16/2023
32315,Thomas Suozzi,9/23/2021,8/17/2017,MSFT,Purchase,"$15,001 - $50,000",Representatives,15001,D,11/16/2023
32432,Linda T. Sánchez,12/1/2017,8/4/2017,MSFT,Sale,"$1,001 - $15,000",Representatives,1001,D,11/16/2023
32527,Thomas Macarthur,8/3/2017,7/28/2017,MSFT,Purchase,"$15,001 - $50,000",Representatives,15001,R,11/16/2023
32535,Thomas Macarthur,8/3/2017,7/28/2017,MSFT,Purchase,"$1,001 - $15,000",Representatives,1001,R,11/16/2023
32592,James M. Inhofe,8/7/2017,7/20/2017,MSFT,Purchase,"$50,001 - $100,000",Senate,50001,R,8/28/2023
32612,K. Michael Conaway,8/2/2017,7/18/2017,MSFT,Sale,"$1,001 - $15,000",Representatives,1001,R,11/16/2023
32653,John Rutherford,8/20/2018,7/17/2017,MSFT,Purchase,"$1,001 - $15,000",Representatives,1001,R,11/16/2023
32787,Raul Ruiz,8/1/2017,7/5/2017,MSFT,Sale,"$50,001 - $100,000",Representatives,50001,D,11/16/2023
32827,Suzan K. Delbene,7/16/2017,6/30/2017,MSFT,Purchase,"$1,001 - $15,000",Representatives,1001,D,11/16/2023
32849,Alan S. Lowenthal,6/29/2017,6/28/2017,MSFT,Sale,"$1,001 - $15,000",Representatives,1001,D,11/16/2023
33075,Patty Murray,6/22/2017,6/15/2017,MSFT,Sale (Full),"$1,001 - $15,000",Senate,1001,D,8/28/2023
33095,Zoe Lofgren,7/18/2017,6/15/2017,MSFT,Purchase,"$1,001 - $15,000",Representatives,1001,D,11/16/2023
33163,Thomas J. Rooney,7/14/2017,6/14/2017,MSFT,Purchase,"$1,001 - $15,000",Representatives,1001,R,11/16/2023
33230,Thomas Macarthur,7/9/2017,6/8/2017,MSFT,Purchase,"$1,001 - $15,000",Representatives,1001,R,11/16/2023
33231,Pete Sessions,6/12/2017,6/8/2017,MSFT,Purchase,"$1,001 - $15,000",Representatives,1001,R,11/16/2023
33235,Debbie Dingell,6/14/2017,6/7/2017,MSFT,Sale,"$15,001 - $50,000",Representatives,15001,D,11/16/2023
33364,Pete Sessions,5/18/2017,5/22/2017,MSFT,Purchase,"$1,001 - $15,000",Representatives,1001,R,11/16/2023
33383,Pete Sessions,5/22/2017,5/18/2017,MSFT,Purchase,"$1,001 - $15,000",Representatives,1001,R,11/16/2023
33412,Frank A. Lobiondo,6/13/2017,5/17/2017,MSFT,Sale,"$1,001 - $15,000",Representatives,1001,R,11/16/2023
33490,Thomas J. Rooney,6/14/2017,5/15/2017,MSFT,Sale,"$1,001 - $15,000",Representatives,1001,R,11/16/2023
33849,Katherine M. Clark,5/25/2017,4/4/2017,MSFT,Sale,"$1,001 - $15,000",Representatives,1001,D,11/16/2023
33853,Katherine M. Clark,5/25/2017,4/4/2017,MSFT,Sale,"$1,001 - $15,000",Representatives,1001,D,11/16/2023
33859,Gary Palmer,9/29/2018,4/4/2017,MSFT,Purchase,"$1,001 - $15,000",Representatives,1001,R,11/16/2023
34037,Derek Kilmer,6/8/2018,3/17/2017,MSFT,Sale,"$1,001 - $15,000",Representatives,1001,D,11/16/2023
34087,Patty Murray,3/21/2017,3/16/2017,MSFT,Purchase,"$1,001 - $15,000",Senate,1001,D,8/28/2023
34188,Thomas Macarthur,4/9/2017,3/9/2017,MSFT,Purchase,"$1,001 - $15,000",Representatives,1001,R,11/16/2023
34256,Suzan K. Delbene,4/5/2017,3/1/2017,MSFT,Sale,"$50,001 - $100,000",Representatives,50001,D,11/16/2023
34313,Charlie Joseph Crist,3/23/2017,2/22/2017,MSFT,Sale,"$1,001 - $15,000",Representatives,1001,D,11/16/2023
34701,Thomas Macarthur,2/8/2017,1/12/2017,MSFT,Sale,"$1,001 - $15,000",Representatives,1001,R,11/16/2023
34932,Suzan K. Delbene,1/10/2017,12/30/2016,MSFT,Purchase,"$1,001 - $15,000",Representatives,1001,D,11/16/2023
35204,Thomas J. Rooney,1/24/2017,12/12/2016,MSFT,Purchase,"$1,001 - $15,000",Representatives,1001,R,11/16/2023
35260,Thomas Macarthur,1/7/2017,12/8/2016,MSFT,Purchase,"$1,001 - $15,000",Representatives,1001,R,11/16/2023
35634,Thomas J. Rooney,1/16/2017,11/2/2016,MSFT,Purchase,"$1,001 - $15,000",Representatives,1001,R,11/16/2023
35787,Thomas Macarthur,11/7/2016,10/14/2016,MSFT,Sale,"$1,001 - $15,000",Representatives,1001,R,11/16/2023
35837,Katherine M. Clark,5/25/2017,10/11/2016,MSFT,Purchase,"$1,001 - $15,000",Representatives,1001,D,11/16/2023
35857,Katherine M. Clark,5/25/2017,10/11/2016,MSFT,Purchase,"$1,001 - $15,000",Representatives,1001,D,11/16/2023
36074,Raúl M. Grijalva,9/28/2016,9/19/2016,MSFT,Sale,"$1,001 - $15,000",Representatives,1001,D,11/16/2023
36127,Thomas Macarthur,11/7/2016,9/13/2016,MSFT,Sale,"$15,001 - $50,000",Representatives,15001,R,11/16/2023
36297,K. Michael Conaway,10/12/2016,9/12/2016,MSFT,Purchase,"$15,001 - $50,000",Representatives,15001,R,11/16/2023
36363,Thomas Macarthur,11/7/2016,9/8/2016,MSFT,Purchase,"$1,001 - $15,000",Representatives,1001,R,11/16/2023
36423,Thomas J. Rooney,1/16/2017,9/1/2016,MSFT,Purchase,"$1,001 - $15,000",Representatives,1001,R,11/16/2023
36426,Suzan K. Delbene,10/16/2016,9/1/2016,MSFT,Sale,"$250,001 - $500,000",Representatives,250001,D,11/16/2023
36430,Suzan K. Delbene,9/12/2016,8/31/2016,MSFT,Purchase,"$250,001 - $500,000",Representatives,250001,D,11/16/2023
36450,Suzan K. Delbene,9/12/2016,8/29/2016,MSFT,Purchase,"$100,001 - $250,000",Representatives,100001,D,11/16/2023
36639,John F. Reed,7/27/2016,7/25/2016,MSFT,Sale (Partial),"$1,001 - $15,000",Senate,1001,D,8/28/2023
36751,Lamar Smith,8/11/2016,7/13/2016,MSFT,Purchase,"$1,001 - $15,000",Representatives,1001,R,11/16/2023
36828,Suzan K. Delbene,7/13/2016,6/30/2016,MSFT,Purchase,"$1,001 - $15,000",Representatives,1001,D,11/16/2023
36929,Alan S. Lowenthal,6/24/2016,6/21/2016,MSFT,Purchase,"$15,001 - $50,000",Representatives,15001,D,11/16/2023
36961,Thomas Macarthur,7/8/2016,6/13/2016,MSFT,Purchase,"$1,001 - $15,000",Representatives,1001,R,11/16/2023
36962,Frank A. Lobiondo,7/20/2016,6/13/2016,MSFT,Sale,"$1,001 - $15,000",Representatives,1001,R,11/16/2023
36976,Thomas Macarthur,7/8/2016,6/13/2016,MSFT,Purchase,"$15,001 - $50,000",Representatives,15001,R,11/16/2023
36980,Thomas Macarthur,7/8/2016,6/13/2016,MSFT,Purchase,"$1,001 - $15,000",Representatives,1001,R,11/16/2023
37044,Pete Sessions,7/5/2016,6/10/2016,MSFT,Sale,"$15,001 - $50,000",Representatives,15001,R,11/16/2023
37146,Thomas J. Rooney,1/16/2017,6/2/2016,MSFT,Purchase,"$1,001 - $15,000",Representatives,1001,R,11/16/2023
37206,Thomas J. Rooney,1/16/2017,6/1/2016,MSFT,Purchase,"$1,001 - $15,000",Representatives,1001,R,11/16/2023
37532,Shelley Moore Capito,5/4/2016,4/19/2016,MSFT,Purchase,"$1,001 - $15,000",Senate,1001,R,8/28/2023
37690,Thomas Macarthur,5/9/2016,4/4/2016,MSFT,Purchase,"$15,001 - $50,000",Representatives,15001,R,11/16/2023
37707,Thomas Macarthur,5/9/2016,4/4/2016,MSFT,Purchase,"$1,001 - $15,000",Representatives,1001,R,11/16/2023
37709,Thomas Macarthur,5/9/2016,4/4/2016,MSFT,Purchase,"$1,001 - $15,000",Representatives,1001,R,11/16/2023
37743,Bill Cassidy,5/2/2016,3/31/2016,MSFT,Purchase,"$1,001 - $15,000",Senate,1001,R,8/28/2023
37746,Suzan K. Delbene,4/15/2016,3/31/2016,MSFT,Purchase,"$1,001 - $15,000",Representatives,1001,D,11/16/2023
37846,Lamar Smith,4/12/2016,3/22/2016,MSFT,Purchase,"$1,001 - $15,000",Representatives,1001,R,11/16/2023
37939,E. Scott Rigell,4/28/2016,3/8/2016,MSFT,Purchase,"$15,001 - $50,000",Representatives,15001,R,11/16/2023
37942,Lamar Smith,4/12/2016,3/8/2016,MSFT,Purchase,"$1,001 - $15,000",Representatives,1001,R,11/16/2023
38121,Debbie Dingell,6/29/2016,2/18/2016,MSFT,Purchase,"$15,001 - $50,000",Representatives,15001,D,11/16/2023
38135,Bill Flores,3/15/2016,2/17/2016,MSFT,Sale,"$15,001 - $50,000",Representatives,15001,R,11/16/2023
38139,K. Michael Conaway,3/2/2016,2/17/2016,MSFT,Sale,"$1,001 - $15,000",Representatives,1001,R,11/16/2023
38168,Suzan K. Delbene,3/11/2016,2/16/2016,MSFT,Sale,"$100,001 - $250,000",Representatives,100001,D,11/16/2023
38226,Thomas Macarthur,3/3/2016,2/12/2016,MSFT,Sale,"$1,001 - $15,000",Representatives,1001,R,11/16/2023
38231,David Perdue,3/1/2016,2/12/2016,MSFT,Sale (Partial),"$1,001 - $15,000",Senate,1001,R,8/28/2023
38232,Thomas Macarthur,3/3/2016,2/12/2016,MSFT,Sale,"$1,001 - $15,000",Representatives,1001,R,11/16/2023
38239,David Perdue,3/1/2016,2/12/2016,MSFT,Sale (Partial),"$1,001 - $15,000",Senate,1001,R,8/28/2023
38244,Thomas Macarthur,3/3/2016,2/12/2016,MSFT,Sale,"$1,001 - $15,000",Representatives,1001,R,11/16/2023
38247,David Perdue,3/1/2016,2/11/2016,MSFT,Sale (Partial),"$1,001 - $15,000",Senate,1001,R,8/28/2023
38251,David Perdue,3/1/2016,2/11/2016,MSFT,Sale (Partial),"$1,001 - $15,000",Senate,1001,R,8/28/2023
38273,Thomas J. Rooney,1/16/2017,2/10/2016,MSFT,Purchase,"$1,001 - $15,000",Representatives,1001,R,11/16/2023
38277,David Perdue,3/1/2016,2/10/2016,MSFT,Sale (Partial),"$1,001 - $15,000",Senate,1001,R,8/28/2023
38280,David Perdue,3/1/2016,2/10/2016,MSFT,Sale (Partial),"$1,001 - $15,000",Senate,1001,R,8/28/2023
38316,Thomas Macarthur,3/3/2016,2/9/2016,MSFT,Sale,"$15,001 - $50,000",Representatives,15001,R,11/16/2023
38318,David Perdue,3/1/2016,2/9/2016,MSFT,Sale (Partial),"$1,001 - $15,000",Senate,1001,R,8/28/2023
38359,David Perdue,3/1/2016,2/3/2016,MSFT,Sale (Partial),"$1,001 - $15,000",Senate,1001,R,8/28/2023
38591,David Perdue,2/2/2016,1/27/2016,MSFT,Sale (Partial),"$1,001 - $15,000",Senate,1001,R,8/28/2023
38597,Lamar Smith,2/9/2016,1/27/2016,MSFT,Purchase,"$1,001 - $15,000",Representatives,1001,R,11/16/2023
38599,David Perdue,2/2/2016,1/27/2016,MSFT,Sale (Partial),"$1,001 - $15,000",Senate,1001,R,8/28/2023
38634,David Perdue,2/2/2016,1/22/2016,MSFT,Sale (Partial),"$1,001 - $15,000",Senate,1001,R,8/28/2023
38766,Ed Whitfield,2/2/2016,1/15/2016,MSFT,Purchase,"$1,001 - $15,000",Representatives,1001,R,11/16/2023
38861,Sheldon Whitehouse,1/20/2016,1/6/2016,MSFT,Purchase,"$1,001 - $15,000",Senate,1001,D,8/28/2023
38881,Suzan K. Delbene,1/14/2016,12/31/2015,MSFT,Purchase,"$15,001 - $50,000",Representatives,15001,D,11/16/2023
38909,Bill Flores,1/15/2016,12/30/2015,MSFT,Sale,"$1,001 - $15,000",Representatives,1001,R,11/16/2023
38920,Thomas Macarthur,1/6/2016,12/29/2015,MSFT,Sale,"$1,001 - $15,000",Representatives,1001,R,11/16/2023
38925,Bill Flores,1/15/2016,12/29/2015,MSFT,Sale,"$1,001 - $15,000",Representatives,1001,R,11/16/2023
39114,Lamar Smith,1/12/2016,12/15/2015,MSFT,Purchase,"$1,001 - $15,000",Representatives,1001,R,11/16/2023
39151,Thomas Macarthur,1/6/2016,12/10/2015,MSFT,Purchase,"$1,001 - $15,000",Representatives,1001,R,11/16/2023
39278,Thomas Macarthur,12/6/2015,11/20/2015,MSFT,Sale,"$1,001 - $15,000",Representatives,1001,R,11/16/2023
39279,Thomas Macarthur,12/6/2015,11/20/2015,MSFT,Sale,"$15,001 - $50,000",Representatives,15001,R,11/16/2023
39334,Thomas J. Rooney,1/16/2017,11/12/2015,MSFT,Purchase,"$1,001 - $15,000",Representatives,1001,R,11/16/2023
39403,Lamar Smith,12/9/2015,11/4/2015,MSFT,Purchase,"$1,001 - $15,000",Representatives,1001,R,11/16/2023
39440,Suzan K. Delbene,11/11/2015,10/27/2015,MSFT,Purchase,"$1,001 - $15,000",Representatives,1001,D,11/16/2023
39584,Suzan K. Delbene,11/11/2015,10/9/2015,MSFT,Purchase,"$1,001 - $15,000",Representatives,1001,D,11/16/2023
39830,Robert J. Wittman,10/15/2015,9/15/2015,MSFT,Purchase,"$1,001 - $15,000",Representatives,1001,R,11/16/2023
39833,Raúl M. Grijalva,10/5/2015,9/15/2015,MSFT,Purchase,"$1,001 - $15,000",Representatives,1001,D,11/16/2023
39924,Scott H. Peters,9/12/2015,9/2/2015,MSFT,Sale,"$100,001 - $250,000",Representatives,100001,D,11/16/2023
39942,Scott H. Peters,9/12/2015,9/2/2015,MSFT,Sale,"$50,001 - $100,000",Representatives,50001,D,11/16/2023
40035,Suzan K. Delbene,9/14/2015,8/31/2015,MSFT,Purchase,"$100,001 - $250,000",Representatives,100001,D,11/16/2023
40411,Pete Sessions,5/18/2016,7/30/2015,MSFT,Purchase,"$1,001 - $15,000",Representatives,1001,R,11/16/2023
40694,Scott H. Peters,8/16/2015,7/10/2015,MSFT,Purchase,"$50,001 - $100,000",Representatives,50001,D,11/16/2023
40716,Scott H. Peters,8/16/2015,7/10/2015,MSFT,Purchase,"$15,001 - $50,000",Representatives,15001,D,11/16/2023
40888,Scott H. Peters,7/28/2015,6/26/2015,MSFT,Purchase,"$50,001 - $100,000",Representatives,50001,D,11/16/2023
40933,Scott H. Peters,7/28/2015,6/23/2015,MSFT,Purchase,"$15,001 - $50,000",Representatives,15001,D,11/16/2023
41026,Pete Sessions,5/18/2016,6/12/2015,MSFT,Purchase,"$1,001 - $15,000",Representatives,1001,R,11/16/2023
41289,Thomas Macarthur,6/7/2015,5/27/2015,MSFT,Sale,"$1,001 - $15,000",Representatives,1001,R,11/16/2023
41610,John F. Reed,5/6/2015,4/23/2015,MSFT,Purchase,"$1,001 - $15,000",Senate,1001,D,8/28/2023
41738,David Perdue,6/4/2015,4/2/2015,MSFT,Sale (Partial),"$1,001 - $15,000",Senate,1001,R,8/28/2023
41972,John A. Yarmuth,7/15/2016,3/10/2015,MSFT,Sale,"$1,001 - $15,000",Representatives,1001,D,11/16/2023
42245,Thomas Macarthur,3/11/2015,2/12/2015,MSFT,Purchase,"$1,001 - $15,000",Representatives,1001,R,11/16/2023
42253,Thomas Macarthur,3/11/2015,2/12/2015,MSFT,Purchase,"$1,001 - $15,000",Representatives,1001,R,11/16/2023
42290,K. Michael Conaway,3/3/2015,2/11/2015,MSFT,Sale,"$1,001 - $15,000",Representatives,1001,R,11/16/2023
42326,K. Michael Conaway,3/3/2015,2/9/2015,MSFT,Purchase,"$1,001 - $15,000",Representatives,1001,R,11/16/2023
42467,Richard L. Hanna,3/11/2015,2/2/2015,MSFT,Purchase,"$1,001 - $15,000",Representatives,1001,R,11/16/2023
42518,Thomas Macarthur,3/5/2015,1/28/2015,MSFT,Purchase,"$1,001 - $15,000",Representatives,1001,R,11/16/2023
42523,Thomas Macarthur,3/5/2015,1/28/2015,MSFT,Purchase,"$1,001 - $15,000",Representatives,1001,R,11/16/2023
42631,Katherine M. Clark,1/30/2015,1/27/2015,MSFT,Sale,"$1,001 - $15,000",Representatives,1001,D,11/16/2023
42919,Thomas Macarthur,3/5/2015,1/9/2015,MSFT,Purchase,"$1,001 - $15,000",Representatives,1001,R,11/16/2023
43374,Mr. K. Michael Conaway,11/6/2014,10/21/2014,MSFT,Sale,"$1,001 - $15,000",Representatives,1001,R,11/16/2023
43376,Mr. K. Michael Conaway,11/6/2014,10/21/2014,MSFT,Sale,"$1,001 - $15,000",Representatives,1001,R,11/16/2023
43889,John A. Boehner,8/28/2014,8/6/2014,MSFT,Sale,"$1,001 - $15,000",Representatives,1001,R,11/16/2023
43984,Mr. K. Michael Conaway,8/18/2014,7/23/2014,MSFT,Sale,"$1,001 - $15,000",Representatives,1001,R,11/16/2023
44091,Mr. Bill Flores,8/12/2014,7/8/2014,MSFT,Purchase,"$15,001 - $50,000",Representatives,15001,R,11/16/2023
44333,Ms. Lois Frankel,6/18/2014,6/12/2014,MSFT,Sale,"$1,001 - $15,000",Representatives,1001,D,11/16/2023
44443,Mr. Bob Gibbs,6/3/2014,5/23/2014,MSFT,Sale,"$1,001 - $15,000",Representatives,1001,R,11/16/2023
44552,Robert P Corker Jr,6/10/2014,5/20/2014,MSFT,Sale (Full),"$1,001 - $15,000",Senate,1001,R,11/14/2023
44589,Robert P Corker Jr,6/10/2014,5/20/2014,MSFT,Sale (Full),"$1,001 - $15,000",Senate,1001,R,11/14/2023
44972,Ms. Lois Frankel,5/21/2014,4/30/2014,MSFT,Purchase,"$1,001 - $15,000",Representatives,1001,D,11/16/2023
45181,Susan M. Collins,4/8/2014,4/3/2014,MSFT,Purchase,"$1,001 - $15,000",Senate,1001,R,8/28/2023
45212,John F. Reed,4/9/2014,3/28/2014,MSFT,Purchase,"$1,001 - $15,000",Senate,1001,D,8/28/2023
45230,Susan M. Collins,4/1/2014,3/27/2014,MSFT,Purchase,"$1,001 - $15,000",Senate,1001,R,8/28/2023
45336,Mr. Michael C. Burgess,4/14/2014,3/10/2014,MSFT,Sale,"$1,001 - $15,000",Representatives,1001,R,11/16/2023
45338,Mr. Michael C. Burgess,4/14/2014,3/10/2014,MSFT,Sale,"$1,001 - $15,000",Representatives,1001,R,11/16/2023
45520,Robert P Corker Jr,6/10/2014,3/3/2014,MSFT,Purchase,"$1,001 - $15,000",Senate,1001,R,11/14/2023
45734,Susan M. Collins,2/11/2014,2/6/2014,MSFT,Purchase,"$1,001 - $15,000",Senate,1001,R,8/28/2023
45807,Susan M. Collins,2/5/2014,1/30/2014,MSFT,Purchase,"$1,001 - $15,000",Senate,1001,R,8/28/2023
45820,Susan M. Collins,1/31/2014,1/29/2014,MSFT,Purchase,"$1,001 - $15,000",Senate,1001,R,8/28/2023
45986,Robert P Corker Jr,6/10/2014,1/8/2014,MSFT,Purchase,"$1,001 - $15,000",Senate,1001,R,11/14/2023
45994,Robert P Corker Jr,6/10/2014,1/8/2014,MSFT,Purchase,"$1,001 - $15,000",Senate,1001,R,11/14/2023
46302,Mr. Bill Flores,1/7/2014,12/30/2013,MSFT,Purchase,"$1,001 - $15,000",Representatives,1001,R,11/16/2023
46397,Mr. Austin Scott,8/29/2014,9/15/2013,MSFT,Purchase,"$15,001 - $50,000",Representatives,15001,R,11/16/2023
46411,Mr. Austin Scott,8/29/2014,7/19/2013,MSFT,Purchase,"$15,001 - $50,000",Representatives,15001,R,11/16/2023
