,symbol,date,analystRatingsbuy,analystRatingsHold,analystRatingsSell,analystRatingsStrongSell,analystRatingsStrongBuy,analystRecommendations,analystRatingsStrongSell_weighted,analystRatingsSell_weighted,analystRatingsHold_weighted,analystRatingsbuy_weighted,analystRatingsStrongBuy_weighted,weightedScore
0,MSFT,2024-03-01,13,6,0,1,14,"Buy: 13, Hold: 6, Sell: 0, Strong Sell: 1, Strong Buy: 14",-2,0,0,13,28,39
1,MSFT,2024-02-01,30,4,0,0,21,"Buy: 30, Hold: 4, Sell: 0, Strong Sell: 0, Strong Buy: 21",0,0,0,30,42,72
2,MSFT,2024-01-01,30,4,0,0,20,"Buy: 30, Hold: 4, Sell: 0, Strong Sell: 0, Strong Buy: 20",0,0,0,30,40,70
3,MSFT,2023-12-01,27,6,0,0,20,"Buy: 27, Hold: 6, Sell: 0, Strong Sell: 0, Strong Buy: 20",0,0,0,27,40,67
4,MSFT,2023-11-01,27,6,0,0,20,"Buy: 27, Hold: 6, Sell: 0, Strong Sell: 0, Strong Buy: 20",0,0,0,27,40,67
5,MSFT,2023-10-01,27,6,0,0,20,"Buy: 27, Hold: 6, Sell: 0, Strong Sell: 0, Strong Buy: 20",0,0,0,27,40,67
6,MSFT,2023-09-01,25,6,0,1,20,"Buy: 25, Hold: 6, Sell: 0, Strong Sell: 1, Strong Buy: 20",-2,0,0,25,40,63
7,MSFT,2023-08-01,25,7,0,1,20,"Buy: 25, Hold: 7, Sell: 0, Strong Sell: 1, Strong Buy: 20",-2,0,0,25,40,63
8,MSFT,2023-07-01,26,8,0,1,20,"Buy: 26, Hold: 8, Sell: 0, Strong Sell: 1, Strong Buy: 20",-2,0,0,26,40,64
9,MSFT,2023-06-01,26,8,0,1,20,"Buy: 26, Hold: 8, Sell: 0, Strong Sell: 1, Strong Buy: 20",-2,0,0,26,40,64
10,MSFT,2023-05-01,26,8,0,1,20,"Buy: 26, Hold: 8, Sell: 0, Strong Sell: 1, Strong Buy: 20",-2,0,0,26,40,64
11,MSFT,2023-04-01,26,8,0,1,19,"Buy: 26, Hold: 8, Sell: 0, Strong Sell: 1, Strong Buy: 19",-2,0,0,26,38,62
12,MSFT,2023-03-01,26,8,0,1,19,"Buy: 26, Hold: 8, Sell: 0, Strong Sell: 1, Strong Buy: 19",-2,0,0,26,38,62
13,MSFT,2023-02-01,30,3,0,0,18,"Buy: 30, Hold: 3, Sell: 0, Strong Sell: 0, Strong Buy: 18",0,0,0,30,36,66
14,MSFT,2023-01-01,13,6,0,1,14,"Buy: 13, Hold: 6, Sell: 0, Strong Sell: 1, Strong Buy: 14",-2,0,0,13,28,39
15,MSFT,2022-12-01,13,6,0,1,14,"Buy: 13, Hold: 6, Sell: 0, Strong Sell: 1, Strong Buy: 14",-2,0,0,13,28,39
16,MSFT,2022-11-01,13,6,0,1,14,"Buy: 13, Hold: 6, Sell: 0, Strong Sell: 1, Strong Buy: 14",-2,0,0,13,28,39
17,MSFT,2022-10-01,28,3,0,0,18,"Buy: 28, Hold: 3, Sell: 0, Strong Sell: 0, Strong Buy: 18",0,0,0,28,36,64
18,MSFT,2022-09-01,29,4,0,0,19,"Buy: 29, Hold: 4, Sell: 0, Strong Sell: 0, Strong Buy: 19",0,0,0,29,38,67
19,MSFT,2022-08-01,13,6,0,1,14,"Buy: 13, Hold: 6, Sell: 0, Strong Sell: 1, Strong Buy: 14",-2,0,0,13,28,39
20,MSFT,2022-07-01,30,3,0,0,18,"Buy: 30, Hold: 3, Sell: 0, Strong Sell: 0, Strong Buy: 18",0,0,0,30,36,66
21,MSFT,2022-06-01,13,6,0,1,14,"Buy: 13, Hold: 6, Sell: 0, Strong Sell: 1, Strong Buy: 14",-2,0,0,13,28,39
22,MSFT,2022-05-01,29,3,0,0,19,"Buy: 29, Hold: 3, Sell: 0, Strong Sell: 0, Strong Buy: 19",0,0,0,29,38,67
23,MSFT,2022-04-01,13,6,0,1,14,"Buy: 13, Hold: 6, Sell: 0, Strong Sell: 1, Strong Buy: 14",-2,0,0,13,28,39
24,MSFT,2022-03-01,13,6,0,1,14,"Buy: 13, Hold: 6, Sell: 0, Strong Sell: 1, Strong Buy: 14",-2,0,0,13,28,39
25,MSFT,2022-02-01,13,6,0,1,14,"Buy: 13, Hold: 6, Sell: 0, Strong Sell: 1, Strong Buy: 14",-2,0,0,13,28,39
26,MSFT,2022-01-01,13,6,0,1,14,"Buy: 13, Hold: 6, Sell: 0, Strong Sell: 1, Strong Buy: 14",-2,0,0,13,28,39
27,MSFT,2021-12-01,13,6,0,1,14,"Buy: 13, Hold: 6, Sell: 0, Strong Sell: 1, Strong Buy: 14",-2,0,0,13,28,39
28,MSFT,2021-11-01,13,6,0,1,14,"Buy: 13, Hold: 6, Sell: 0, Strong Sell: 1, Strong Buy: 14",-2,0,0,13,28,39
29,MSFT,2021-10-01,13,6,0,1,14,"Buy: 13, Hold: 6, Sell: 0, Strong Sell: 1, Strong Buy: 14",-2,0,0,13,28,39
30,MSFT,2021-09-01,13,6,0,1,14,"Buy: 13, Hold: 6, Sell: 0, Strong Sell: 1, Strong Buy: 14",-2,0,0,13,28,39
31,MSFT,2021-08-01,13,6,0,1,14,"Buy: 13, Hold: 6, Sell: 0, Strong Sell: 1, Strong Buy: 14",-2,0,0,13,28,39
32,MSFT,2021-07-01,13,6,0,1,14,"Buy: 13, Hold: 6, Sell: 0, Strong Sell: 1, Strong Buy: 14",-2,0,0,13,28,39
33,MSFT,2021-06-01,13,6,0,1,14,"Buy: 13, Hold: 6, Sell: 0, Strong Sell: 1, Strong Buy: 14",-2,0,0,13,28,39
34,MSFT,2021-05-01,13,6,0,1,14,"Buy: 13, Hold: 6, Sell: 0, Strong Sell: 1, Strong Buy: 14",-2,0,0,13,28,39
35,MSFT,2021-04-01,13,6,0,1,14,"Buy: 13, Hold: 6, Sell: 0, Strong Sell: 1, Strong Buy: 14",-2,0,0,13,28,39
36,MSFT,2021-03-01,13,6,0,1,14,"Buy: 13, Hold: 6, Sell: 0, Strong Sell: 1, Strong Buy: 14",-2,0,0,13,28,39
37,MSFT,2021-02-01,16,2,0,0,16,"Buy: 16, Hold: 2, Sell: 0, Strong Sell: 0, Strong Buy: 16",0,0,0,16,32,48
38,MSFT,2021-01-01,17,3,0,0,15,"Buy: 17, Hold: 3, Sell: 0, Strong Sell: 0, Strong Buy: 15",0,0,0,17,30,47
39,MSFT,2020-12-01,13,9,0,1,12,"Buy: 13, Hold: 9, Sell: 0, Strong Sell: 1, Strong Buy: 12",-2,0,0,13,24,35
40,MSFT,2020-09-01,16,7,0,1,16,"Buy: 16, Hold: 7, Sell: 0, Strong Sell: 1, Strong Buy: 16",-2,0,0,16,32,46
41,MSFT,2020-08-01,22,4,0,0,16,"Buy: 22, Hold: 4, Sell: 0, Strong Sell: 0, Strong Buy: 16",0,0,0,22,32,54
42,MSFT,2020-07-01,22,4,0,0,16,"Buy: 22, Hold: 4, Sell: 0, Strong Sell: 0, Strong Buy: 16",0,0,0,22,32,54
43,MSFT,2020-06-01,16,10,0,1,14,"Buy: 16, Hold: 10, Sell: 0, Strong Sell: 1, Strong Buy: 14",-2,0,0,16,28,42
44,MSFT,2020-05-01,21,4,0,0,16,"Buy: 21, Hold: 4, Sell: 0, Strong Sell: 0, Strong Buy: 16",0,0,0,21,32,53
45,MSFT,2020-04-01,16,10,0,1,14,"Buy: 16, Hold: 10, Sell: 0, Strong Sell: 1, Strong Buy: 14",-2,0,0,16,28,42
46,MSFT,2020-03-01,16,10,0,1,14,"Buy: 16, Hold: 10, Sell: 0, Strong Sell: 1, Strong Buy: 14",-2,0,0,16,28,42
47,MSFT,2020-02-01,16,10,0,1,14,"Buy: 16, Hold: 10, Sell: 0, Strong Sell: 1, Strong Buy: 14",-2,0,0,16,28,42
48,MSFT,2020-01-01,16,10,0,1,14,"Buy: 16, Hold: 10, Sell: 0, Strong Sell: 1, Strong Buy: 14",-2,0,0,16,28,42
49,MSFT,2019-12-01,16,10,0,1,14,"Buy: 16, Hold: 10, Sell: 0, Strong Sell: 1, Strong Buy: 14",-2,0,0,16,28,42
50,MSFT,2019-11-01,16,10,0,1,14,"Buy: 16, Hold: 10, Sell: 0, Strong Sell: 1, Strong Buy: 14",-2,0,0,16,28,42
51,MSFT,2019-10-01,16,10,0,1,14,"Buy: 16, Hold: 10, Sell: 0, Strong Sell: 1, Strong Buy: 14",-2,0,0,16,28,42
52,MSFT,2019-09-01,16,10,0,1,14,"Buy: 16, Hold: 10, Sell: 0, Strong Sell: 1, Strong Buy: 14",-2,0,0,16,28,42
53,MSFT,2019-08-01,16,10,0,1,14,"Buy: 16, Hold: 10, Sell: 0, Strong Sell: 1, Strong Buy: 14",-2,0,0,16,28,42
54,MSFT,2019-07-01,16,10,0,1,14,"Buy: 16, Hold: 10, Sell: 0, Strong Sell: 1, Strong Buy: 14",-2,0,0,16,28,42
55,MSFT,2019-06-01,16,10,0,1,14,"Buy: 16, Hold: 10, Sell: 0, Strong Sell: 1, Strong Buy: 14",-2,0,0,16,28,42
56,MSFT,2019-05-01,16,10,0,1,14,"Buy: 16, Hold: 10, Sell: 0, Strong Sell: 1, Strong Buy: 14",-2,0,0,16,28,42
57,MSFT,2019-04-01,16,10,0,1,14,"Buy: 16, Hold: 10, Sell: 0, Strong Sell: 1, Strong Buy: 14",-2,0,0,16,28,42
58,MSFT,2019-03-01,16,10,0,1,14,"Buy: 16, Hold: 10, Sell: 0, Strong Sell: 1, Strong Buy: 14",-2,0,0,16,28,42
59,MSFT,2019-02-01,16,10,0,1,14,"Buy: 16, Hold: 10, Sell: 0, Strong Sell: 1, Strong Buy: 14",-2,0,0,16,28,42
60,MSFT,2019-01-01,16,10,0,1,14,"Buy: 16, Hold: 10, Sell: 0, Strong Sell: 1, Strong Buy: 14",-2,0,0,16,28,42
