,0
eps,0.2202877543571098
netIncome,0.21850208767732332
twitterSentiment,0.21521912983171454
netProfitMargin,0.10630542521684826
totalAssets,0.07129532288095344
returnOnEquity,0.031568483059766984
ebitda,0.023006807017094184
revenue,0.022562141245020966
ivput270,0.018143676742799496
ivmean30,0.017771872984870665
roic,0.014378612859128953
^VIX,0.012879939957815601
operatingCashFlowPerShare,0.011642128450034686
freeCashFlowPerShare,0.008445115797224994
dividendsPaid,0.0025921954752312197
stocktwitsSentiment,0.001902088284825296
weightedScore,0.0014254179690680482
news_sentimentScore,0.0011535911625658337
congress_net_trade,0.0004932598351538028
Grade,0.00028118359002352576
Dividend_y,8.650437525711551e-05
Surprise,5.726123016926642e-05
Sentiment,0.0
