,0
enterpriseValue,0.64665226
^VIX6M,0.046764859
^VIX3M,0.023084612
capitalExpenditureCoverageRatio,0.015604147
netReceivables,0.00808454
freeCashFlowOperatingCashFlowRatio,0.006725885
capexToOperatingCashFlow,0.006628368
hv150,0.005410993
hv120,0.005250948
totalEquity,0.005165251
accountPayables,0.005074239
debtRatio,0.004939383
bookValuePerShare,0.004833402
averagePayables,0.004791195
longTermDebtToCapitalization,0.004788199
workingCapital,0.004753557
commonStock,0.004705762
goodwillAndIntangibleAssets,0.004661807
totalStockholdersEquity,0.004645739
shareholdersEquityPerShare,0.004637134
goodwill,0.004593448
totalNonCurrentAssets,0.004552076
pretaxProfitMargin,0.004525764
ivmean720,0.004488245
investedCapital,0.004404379
debtEquityRatio,0.004370015
totalAssets,0.004356177
debtToAssets,0.004168928
longTermDebt,0.004076255
totalNonCurrentLiabilities,0.004065601
debtToEquity,0.004030799
totalDebtToCapitalization,0.004020484
propertyPlantEquipmentNet,0.004019153
grahamNumber,0.003952388
totalLiabilitiesAndStockholdersEquity,0.003947828
totalLiabilitiesAndTotalEquity,0.003855112
totalDebt,0.003851915
cashAndShortTermInvestments,0.003838488
longTermInvestments,0.003792237
grahamNetNet,0.003764258
interestDebtPerShare,0.003763923
capitalLeaseObligations,0.003594531
retainedEarnings,0.003576103
shortTermInvestments,0.003471899
totalLiabilities,0.003076026
ivmean1080,0.002737353
dividendsPaid,0.002482087
evToOperatingCashFlow,0.002413848
operatingIncome,0.002391641
cashPerShare,0.00237188
costOfRevenue,0.002330153
netChangeInCash,0.00208724
interestExpense,0.00206591
revenue,0.002055695
phv180,0.001853631
grossProfit,0.001841915
cashAtBeginningOfPeriod,0.00183565
commonStockIssued,0.001794868
ebitda,0.001774561
operatingExpenses,0.001761844
depreciationAndAmortization,0.001737831
otherExpenses,0.001687218
commonStockRepurchased,0.001686795
totalOtherIncomeExpensesNet,0.001671678
hv180,0.001654198
costAndExpenses,0.001618245
dividendPaidAndCapexCoverageRatio,0.00150152
currentRatio,0.001062349
cashConversionCycle,0.00094377
inventory,0.000906384
receivablesTurnover,0.000897492
ivcall1080,0.000879637
totalInvestments,0.000849727
returnOnCapitalEmployed,0.000842637
quickRatio,0.000823462
pbRatio,0.000807677
daysSalesOutstanding,0.000737282
ptbRatio,0.000717804
daysOfSalesOutstanding,0.000708912
totalCurrentAssets,0.000703482
capexToDepreciation,0.000665042
^VIX9D,0.000664101
tangibleBookValuePerShare,0.000632081
netDebtToEBITDA,0.000631282
otherCurrentAssets,0.000628713
phv90,0.000616716
ivcall720,0.000609399
priceToBookRatio,0.000592957
cashAndCashEquivalents,0.000577636
priceBookValueRatio,0.000576018
ivmeanskew20,0.000567405
deferredRevenueNonCurrent,0.000565837
netDebt,0.000552088
tangibleAssetValue,0.000546138
operatingCycle,0.000527394
dividendYield,0.000524672
priceFairValue,0.000516527
phv120,0.000501638
hv90,0.000468526
phv20,0.000439715
phv150,0.000428808
^VIX,0.000426988
ivmeanskew270,0.000372631
grossProfitMargin,0.000349907
hv10,0.000324371
ivcall270,0.000300941
phv10,0.000298662
priceEarningsToGrowthRatio,0.000297031
ivmeanskew10,0.000274662
accumulatedOtherComprehensiveIncomeLoss,0.000272832
ivcall360,0.000257238
cashFlowToDebtRatio,0.000253457
revenuePerShare,0.000249517
ivmean30,0.000245074
ivcall180,0.000244898
ivput30,0.000243667
totalCurrentLiabilities,0.000230586
taxPayables,0.000214959
ivcall10,0.000204307
ivput150,0.000203246
roic,0.000199718
Volume,0.000194095
operatingCashFlow,0.000193768
hv60,0.000193476
researchAndDevelopmentExpenses,0.000192503
daysOfInventoryOnHand,0.000191406
priceSalesRatio,0.000185368
salesGeneralAndAdministrativeToRevenue,0.000181713
operatingCashFlowPerShare,0.000177305
ivmean270,0.000175902
ivmeanskew360,0.000174998
intangibleAssets,0.000170596
ivput270,0.000165915
netCashProvidedByOperatingActivities,0.000160022
ivput10,0.000156641
ivmeanskew30,0.000156357
otherCurrentLiabilities,0.00015321
returnOnAssets,0.000152865
ivmeanskew120,0.000149941
ivput1080,0.000149641
priceToSalesRatio,0.000147633
pocfratio,0.000147334
ivmean10,0.000146492
ebtPerEbit,0.000146182
incomeTaxExpense,0.000145645
ivput20,0.000144771
freeCashFlow,0.000143898
phv30,0.00013725
interestIncome,0.000132512
capexPerShare,0.000129061
ivmean20,0.000128709
ivput720,0.000127054
priceCashFlowRatio,0.000122905
ivput90,0.000121662
hv20,0.00011597
ivput60,0.000115496
cashAtEndOfPeriod,0.000113057
averageReceivables,0.000108218
cashRatio,0.000107641
ivmeanskew150,0.000106798
daysOfInventoryOutstanding,0.000106792
ivcall30,0.000105552
ivcall150,0.000102627
taxAssets,0.000101534
ivmeanskew180,0.000101044
priceToOperatingCashFlowsRatio,9.97E-05
ivmeanskew90,9.86E-05
capexToRevenue,9.74E-05
ivmean180,9.25E-05
otherNonCurrentLiabilities,9.24E-05
ivmean90,9.24E-05
stocktwitsImpressions,9.23E-05
ivcall90,9.22E-05
deferredTaxLiabilitiesNonCurrent,9.22E-05
ivcall20,9.18E-05
phv60,9.11E-05
ivmean360,8.98E-05
cashFlowCoverageRatios,8.95E-05
priceToFreeCashFlowsRatio,8.94E-05
ivmean120,8.79E-05
freeCashFlowYield,8.73E-05
ivput360,8.63E-05
ratingDetailsDCFScore,8.23E-05
hv30,8.21E-05
ivput120,8.19E-05
evToSales,7.92E-05
pfcfRatio,7.78E-05
ratingDetailsROEScore,7.56E-05
weightedScore,7.49E-05
evToFreeCashFlow,7.46E-05
returnOnTangibleAssets,7.41E-05
ivmeanskew1080,7.35E-05
inventoryTurnover,7.18E-05
ivcall120,7.12E-05
ivmeanskew720,6.92E-05
ivmean150,6.76E-05
payablesTurnover,6.74E-05
otherNonCurrentAssets,6.54E-05
ratingDetailsROAScore,6.23E-05
ivmean60,6.13E-05
ivcall60,5.96E-05
incomeQuality,5.92E-05
shortTermDebt,5.89E-05
ivmeanskew60,5.80E-05
deferredRevenue,5.43E-05
ivput180,5.40E-05
incomeBeforeTax,5.03E-05
stockBasedCompensationToRevenue,4.98E-05
daysPayablesOutstanding,4.98E-05
stocktwitsPosts,4.69E-05
stocktwitsSentiment,4.66E-05
intangiblesToTotalAssets,4.50E-05
operatingProfitMargin,4.43E-05
daysOfPayablesOutstanding,4.26E-05
earningsYield,3.92E-05
twitterImpressions,3.91E-05
twitterSentiment,3.88E-05
peRatio,3.78E-05
stocktwitsLikes,3.72E-05
stocktwitsComments,3.69E-05
news_sentimentScore,3.64E-05
priceEarningsRatio,3.47E-05
twitterLikes,3.44E-05
averageInventory,3.43E-05
twitterPosts,3.33E-05
ebitPerRevenue,3.28E-05
dividendPayoutRatio,3.23E-05
researchAndDdevelopementToRevenue,3.01E-05
enterpriseValueMultiple,2.87E-05
payoutRatio,2.83E-05
twitterComments,2.78E-05
enterpriseValueOverEBITDA,2.74E-05
netProfitMargin,2.46E-05
ebitdaratio,2.44E-05
operatingCashFlowSalesRatio,2.37E-05
freeCashFlowPerShare,2.28E-05
netCashUsedForInvestingActivites,2.27E-05
finbert_news_score,2.27E-05
AV Sentiment Score,2.26E-05
epsdiluted,2.18E-05
grossProfitRatio,2.09E-05
shortTermCoverageRatios,2.08E-05
roe,2.08E-05
interestCoverage,2.07E-05
netCurrentAssetValue,2.04E-05
companyEquityMultiplier,1.84E-05
returnOnEquity,1.81E-05
sellingGeneralAndAdministrativeExpenses,1.81E-05
sellingAndMarketingExpenses,1.74E-05
netIncomePerEBT,1.72E-05
capitalExpenditure,1.69E-05
effectiveTaxRate,1.68E-05
generalAndAdministrativeExpenses,1.52E-05
fixedAssetTurnover,1.32E-05
netIncome,1.30E-05
assetTurnover,1.28E-05
congress_net_trade,1.16E-05
Grade Change,1.12E-05
eps,1.10E-05
Grade,9.28E-06
netCashUsedProvidedByFinancingActivities,2.46E-06
incomeBeforeTaxRatio,1.82E-06
weightedAverageShsOutDil,1.71E-06
weightedAverageShsOut,1.58E-06
operatingIncomeRatio,1.19E-06
Dividend_y,1.11E-06
Dividend_x,1.01E-06
Surprise,7.71E-07
actualEarningResult,7.41E-07
estimatedEarning,7.17E-07
netIncomeRatio,3.36E-07
ratingScore,5.65E-08
otherLiabilities,0
redditSentiment,0
minorityInterest,0
otherAssets,0
ratingDetailsPBScore,0
ratingDetailsPEScore,0
ratingDetailsDEScore,0
preferredStock,0
Sentiment,0
othertotalStockholdersEquity,0
