,0
epsdiluted,0.14113832363852188
netIncome,0.14062134858341582
eps,0.1358943430380229
enterpriseValue,0.08765794244660542
cashAtBeginningOfPeriod,0.043145314724397504
dividendPaidAndCapexCoverageRatio,0.011735500510868548
investedCapital,0.009859603471674517
totalStockholdersEquity,0.009509248706960962
longTermDebtToCapitalization,0.009426037503124296
totalAssets,0.009286951373530415
totalLiabilitiesAndTotalEquity,0.009217837666675338
goodwill,0.009196040208998254
grahamNumber,0.009102984078943294
pretaxProfitMargin,0.009058282809007282
ebitdaratio,0.008994101507081508
propertyPlantEquipmentNet,0.00890854122780652
accountPayables,0.008863259907879567
bookValuePerShare,0.0087995695752786
totalEquity,0.008689580093338542
retainedEarnings,0.008669729187951917
debtToEquity,0.008435333039742024
debtToAssets,0.008403489766970553
capitalLeaseObligations,0.008396028501900217
totalNonCurrentAssets,0.008326598266980897
quickRatio,0.008270893083157429
commonStock,0.008234402723080844
totalLiabilitiesAndStockholdersEquity,0.008101499599537834
averagePayables,0.008067516059636537
debtEquityRatio,0.007986181369337974
debtRatio,0.007834116615215424
shareholdersEquityPerShare,0.00783077960005213
longTermInvestments,0.007641742027082007
netDebt,0.007638398292880262
totalDebtToCapitalization,0.007583251127318146
currentRatio,0.0066270494008777315
netReceivables,0.0065091132573269145
capitalExpenditureCoverageRatio,0.006431139943715033
otherCurrentLiabilities,0.0059706178640591325
weightedAverageShsOutDil,0.005834512528268553
capexPerShare,0.00582787683003662
grahamNetNet,0.005668639652912189
otherNonCurrentLiabilities,0.005640791242906997
evToSales,0.005504717701705959
weightedAverageShsOut,0.005041590745320465
freeCashFlowOperatingCashFlowRatio,0.005031919355827347
priceCashFlowRatio,0.004995539313864563
capexToOperatingCashFlow,0.004741974291040298
goodwillAndIntangibleAssets,0.004655153003704109
priceToOperatingCashFlowsRatio,0.004357936716496111
pocfratio,0.003968386646525716
longTermDebt,0.0037293025631294514
totalNonCurrentLiabilities,0.00352127827769169
shortTermInvestments,0.003409208250575854
deferredRevenueNonCurrent,0.0031485705988412768
totalDebt,0.0030851625654680814
totalInvestments,0.0028930784802522593
inventory,0.002665352875195387
totalCurrentAssets,0.002589065836421736
netDebtToEBITDA,0.002559688694959698
tangibleAssetValue,0.0025337774196958138
cashAndCashEquivalents,0.0025272252228981038
tangibleBookValuePerShare,0.002480921724744315
otherCurrentAssets,0.002382224827518613
priceSalesRatio,0.0023736933118767975
priceToSalesRatio,0.002370214616105647
grossProfitRatio,0.0023433507658277434
capexToDepreciation,0.002253570880230928
incomeBeforeTax,0.0020522977959283252
totalCurrentLiabilities,0.0019191121455082636
operatingIncome,0.0017968383183494365
capitalExpenditure,0.001764797287457614
interestDebtPerShare,0.0017497916259989492
totalLiabilities,0.0017496935766091375
grossProfit,0.0014828565540710218
ebitda,0.0013860414690936435
ivmeanskew20,0.0013805905698730573
researchAndDevelopmentExpenses,0.0013756651981174468
revenue,0.0013524874549503013
returnOnAssets,0.0010842358866376234
workingCapital,0.0010782298239051995
evToOperatingCashFlow,0.0010703756940609818
priceEarningsToGrowthRatio,0.00104937697494392
interestExpense,0.0009855372808583538
otherNonCurrentAssets,0.0009426917863066383
pbRatio,0.0009049405300950323
^VIX6M,0.000900414604992195
phv150,0.000894424034336125
priceFairValue,0.0008898342189980774
grossProfitMargin,0.0008629329768805342
ptbRatio,0.0008521597636875738
hv150,0.0008497485183483599
returnOnTangibleAssets,0.0008317945357280953
ivput20,0.0008269119778411517
priceToBookRatio,0.0008196386781055482
priceBookValueRatio,0.0007836776492550159
hv180,0.000765809734319158
phv20,0.000739939225561994
^VIX9D,0.0007067440529856125
ivcall1080,0.0006602155744116917
dividendYield,0.0006297357135534214
cashConversionCycle,0.0006253618825959446
ivmean20,0.0006210632989737303
hv10,0.0005790414906187492
ivput30,0.0005709773353954997
phv10,0.0005647297863948796
ivmeanskew10,0.0005507528251026985
netCurrentAssetValue,0.0005408181807366576
ivmeanskew120,0.0005403701119888351
companyEquityMultiplier,0.0005373465045217398
ivmean30,0.0005353813483667011
ivput720,0.0005183060443501989
salesGeneralAndAdministrativeToRevenue,0.0004978537891432614
intangiblesToTotalAssets,0.00047938538551263454
payoutRatio,0.0004787233079835824
Volume,0.00047561512368886284
accumulatedOtherComprehensiveIncomeLoss,0.00046949004609364944
ivmeanskew270,0.0004630234824423735
cashPerShare,0.0004620569826867712
dividendPayoutRatio,0.00044498106473683243
cashAndShortTermInvestments,0.000443243700778699
phv30,0.0004297821953184724
ivmean720,0.0004186680730464811
phv180,0.0003707295922084791
hv120,0.0003681790232672952
hv60,0.00036151476288451246
phv90,0.000355442718488174
operatingCycle,0.0003433134024929392
ivput1080,0.0003378967779882288
ivmeanskew30,0.0003375146735246638
ivcall20,0.0003335732534972986
ivmeanskew90,0.00033017344722269866
ivput270,0.00032717162342536403
ivmeanskew150,0.00031854211500884067
ivput360,0.0003022684597395461
deferredRevenue,0.0002820961314727072
ivmeanskew720,0.00027387625088047795
returnOnCapitalEmployed,0.00026321915861074344
phv60,0.0002618100916364986
ivmean10,0.00024413185457888972
ivcall720,0.0002415778663499214
hv90,0.00024119547165397156
ivmeanskew180,0.0002403441229000255
ivput10,0.00023857503583964582
ivcall10,0.00023744962877937813
daysSalesOutstanding,0.00023474815356932404
ivmeanskew360,0.0002340526411587074
daysOfSalesOutstanding,0.00023360642304775487
hv20,0.00022511136637490246
^VIX,0.0002163772062844466
ivmean1080,0.00021122279632842836
taxPayables,0.0002061289183185322
hv30,0.00020586138262416694
^VIX3M,0.00019959946556262145
phv120,0.00019729409521126735
ivput60,0.00018885617849341788
ivmeanskew60,0.00018256268492577077
ivcall180,0.00018026538689887644
ivcall30,0.00017911720546157775
payablesTurnover,0.00017776103016545395
shortTermCoverageRatios,0.00017686424034453943
roic,0.0001749807015297782
twitterSentiment,0.0001677948287569673
receivablesTurnover,0.0001675163451251517
ivmean270,0.00016681428066955232
ivmeanskew1080,0.0001584848736975511
operatingProfitMargin,0.0001542309409082513
ebitPerRevenue,0.0001407795574891257
daysOfPayablesOutstanding,0.000135148661705399
ivcall60,0.00013363511584952545
freeCashFlowYield,0.00013301153625795502
priceToFreeCashFlowsRatio,0.00013218578018240297
daysPayablesOutstanding,0.00012933188703628627
stockBasedCompensationToRevenue,0.00012841214707742405
ivmean60,0.00012701102654786062
capexToRevenue,0.0001267395208928864
ivput90,0.00012479318126723085
pfcfRatio,0.00012352903719081278
evToFreeCashFlow,0.00011961279648242097
deferredTaxLiabilitiesNonCurrent,0.00011750753503077602
shortTermDebt,0.0001156337613500298
netProfitMargin,0.00011510668413112125
ivput180,0.00011188236619729913
earningsYield,0.0001106818262735424
ivmean360,0.00011027109884668061
twitterPosts,0.00010522366969367502
peRatio,0.00010339412959919166
daysOfInventoryOnHand,0.00010275140961613624
priceEarningsRatio,0.00010035293708928004
averageReceivables,9.995301882697317e-05
incomeQuality,9.770648874954362e-05
inventoryTurnover,9.724500601234509e-05
twitterLikes,9.682591443621601e-05
daysOfInventoryOutstanding,9.3594181738154e-05
ivmean90,9.249898574098991e-05
ivcall360,9.222123046187403e-05
averageInventory,9.054872678148776e-05
stocktwitsPosts,8.985556284312536e-05
stocktwitsImpressions,8.965913578500331e-05
taxAssets,8.833398137416089e-05
ivcall270,8.69666916128323e-05
enterpriseValueOverEBITDA,8.650883589456752e-05
ivcall90,8.568045043771974e-05
enterpriseValueMultiple,8.51671702694129e-05
twitterImpressions,8.506152815152371e-05
cashRatio,8.482898263523987e-05
stocktwitsComments,8.315680506076846e-05
freeCashFlowPerShare,8.24270276442753e-05
intangibleAssets,8.174672969005867e-05
twitterComments,8.016740383324673e-05
ivput150,7.836477262434219e-05
revenuePerShare,7.794650349423669e-05
operatingCashFlowPerShare,7.619966746352626e-05
stocktwitsSentiment,7.572769650877396e-05
operatingCashFlowSalesRatio,7.390792475975099e-05
cashFlowCoverageRatios,7.321354773083931e-05
cashAtEndOfPeriod,7.256297172931514e-05
ivput120,7.061203074101811e-05
ebtPerEbit,7.041048661802636e-05
ivcall150,7.011743995664617e-05
stocktwitsLikes,6.999970141849945e-05
interestCoverage,6.990507852903881e-05
ivcall120,6.770411617776927e-05
cashFlowToDebtRatio,6.47815391542899e-05
AV Sentiment Score,6.167111597731964e-05
ivmean150,6.0487219758098904e-05
researchAndDdevelopementToRevenue,6.007785727038513e-05
netCashUsedForInvestingActivites,5.627964915895227e-05
ivmean120,5.487414251442638e-05
news_sentimentScore,5.2658505188174886e-05
ivmean180,5.1710806748700875e-05
netIncomePerEBT,5.057741414046974e-05
effectiveTaxRate,5.033873498540708e-05
finbert_news_score,4.978152598487839e-05
returnOnEquity,4.583153515203298e-05
roe,4.4721953728351435e-05
congress_net_trade,4.299995094045628e-05
fixedAssetTurnover,4.209829135561635e-05
weightedScore,3.939164549300496e-05
assetTurnover,3.3015503175441534e-05
costOfRevenue,2.754356393978721e-05
commonStockIssued,2.452322279846622e-05
sellingAndMarketingExpenses,2.4446299832802435e-05
sellingGeneralAndAdministrativeExpenses,2.2978027312194633e-05
generalAndAdministrativeExpenses,1.707214885286225e-05
freeCashFlow,1.6031942760834314e-05
netChangeInCash,1.135815136784597e-05
Grade Change,1.1189892310002997e-05
Grade,9.492584416986752e-06
operatingCashFlow,9.327933099504251e-06
netCashUsedProvidedByFinancingActivities,9.295092048413384e-06
depreciationAndAmortization,8.451713357372079e-06
netCashProvidedByOperatingActivities,6.5918963180548555e-06
incomeTaxExpense,4.8207426506594395e-06
interestIncome,4.796483337438024e-06
netIncomeRatio,4.525599977598244e-06
operatingExpenses,4.02033590535996e-06
Dividend_x,3.787521357259436e-06
totalOtherIncomeExpensesNet,2.6459402243849152e-06
commonStockRepurchased,2.590862972828817e-06
costAndExpenses,2.230179816043291e-06
dividendsPaid,2.12675351364117e-06
incomeBeforeTaxRatio,1.7882427287718946e-06
operatingIncomeRatio,1.744146303266073e-06
Dividend_y,1.7091213337326302e-06
actualEarningResult,1.4760404539194712e-06
estimatedEarning,1.395202630881488e-06
Surprise,1.3906898462248765e-06
ratingScore,5.094267277777105e-07
otherExpenses,4.3364912491702685e-07
ratingDetailsDCFScore,4.1420308337449085e-07
ratingDetailsROEScore,3.979981818480001e-07
preferredStock,0.0
otherLiabilities,0.0
redditSentiment,0.0
othertotalStockholdersEquity,0.0
otherAssets,0.0
ratingDetailsROAScore,0.0
ratingDetailsPBScore,0.0
ratingDetailsPEScore,0.0
ratingDetailsDEScore,0.0
Sentiment,0.0
minorityInterest,0.0
