Feature,Score
totalAssets,0.129405446
operatingCashFlowPerShare,0.12671438
netIncome,0.096539519
ebitda,0.093344019
eps,0.092402576
revenue,0.080148069
freeCashFlowPerShare,0.07066446
roic,0.046475142
dividendsPaid,0.045110331
^VIX,0.042468904
ivput270,0.04064703
returnOnEquity,0.040322697
netProfitMargin,0.032200367
weightedScore,0.018832501
ivmean30,0.013106425
stocktwitsSentiment,0.012084439
twitterSentiment,0.011490161
news_sentimentScore,0.003845776
Grade,0.003394881
congress_net_trade,0.000635033
Surprise,8.61E-05
Dividend_y,8.18E-05
Sentiment,0
